Rk,Player,Tm,Age,Pos,G,GS,Int,Tgt,Cmp,Cmp%,Yds,Yds/Cmp,Yds/Tgt,TD,Rat,DADOT,Air,YAC,Bltz,Hrry,QBKD,Sk,Prss,Comb,MTkl,MTkl%,-9999
1,Foyesade Oluokun,JAX,27,LB,17,17,0,90,71,78.90%,561,7.9,6.2,1,96.3,3.4,187,374,39,0,7,2,9,184,10,5.20%,OluoFo00
2,Nick Bolton,KAN,22,LB,17,17,2,74,61,82.40%,580,9.5,7.8,1,92.6,3.7,214,366,37,1,4,2,7,180,7,3.70%,BoltNi00
3,Jordyn Brooks,SEA,25,LB,16,16,0,75,54,72.00%,689,12.8,9.2,5,122.6,5,194,495,17,3,2,1,6,161,11,6.40%,BrooJo01
4,Roquan Smith*+,2TM,25,LB,17,17,3,69,49,71.00%,419,8.6,6.1,2,78.1,4.4,153,266,32,5,0,4.5,10,169,8,4.50%,SmitRo07
5,Zaire Franklin,IND,26,LB,17,17,0,73,55,75.30%,459,8.3,6.3,0,91.1,2.9,102,357,28,0,2,3,6,167,17,9.20%,FranZa00
6,Alex Singleton,DEN,29,LB,17,12,0,77,59,76.60%,425,7.2,5.5,2,97.6,3.3,124,301,42,5,3,0,8,163,7,4.10%,SingAl00
7,T.J. Edwards,PHI,26,LB,17,17,0,76,53,69.70%,400,7.5,5.3,0,82.1,2.6,79,321,23,4,3,2,9,159,11,6.50%,EdwaTJ02
8,C.J. Mosley*,NYJ,30,LB,17,17,1,87,57,65.50%,643,11.3,7.4,3,94.2,5.7,278,365,13,1,2,1,4,158,7,4.20%,MoslC.00
9,Bobby Okereke,IND,26,LB,17,16,0,82,58,70.70%,515,8.9,6.3,1,91.3,4,130,385,21,1,0,0,1,151,11,6.80%,OkerBo00
10,Jalen Pitre,HOU,23,DB,17,17,5,63,41,65.10%,662,16.1,10.5,4,88.2,13.3,477,185,7,1,0,1,2,147,19,11.40%,PitrJa00
11,Drue Tranquill,LAC,27,LB,17,16,1,43,37,86.00%,376,10.2,8.7,1,101.2,5.5,163,213,36,1,3,5,9,146,9,5.80%,TranDr00
12,Eric Kendricks,MIN,30,LB,17,17,0,85,63,74.10%,583,9.3,6.9,2,100.3,3.5,202,381,32,3,1,1,5,137,12,8.10%,KendEr00
13,Rashaan Evans,ATL,27,LB,17,17,0,58,45,77.60%,480,10.7,8.3,2,112.6,6.5,276,204,31,1,1,2,4,159,3,1.90%,EvanRa01
14,Jordan Hicks,MIN,30,LB,17,17,1,63,48,76.20%,562,11.7,8.9,1,101.4,3.7,156,406,17,1,1,3,5,129,8,5.80%,HickJo00
15,Cody Barton,SEA,26,LB,17,11,2,51,44,86.30%,382,8.7,7.5,2,94.6,3.4,133,249,12,0,0,2,2,136,1,0.70%,BartCo00
16,Jonathan Owens,HOU,27,DB,17,17,0,42,28,66.70%,474,16.9,11.3,3,128.5,10.6,293,181,4,0,0,1,1,125,8,6.00%,OwenJo01
17,Nicholas Morrow,CHI,27,LB,17,17,1,44,33,75.00%,333,10.1,7.6,2,101.8,6.5,150,183,24,5,0,0,5,116,6,4.90%,MorrNi00
18,Logan Wilson,CIN,26,LB,15,15,1,74,55,74.30%,489,8.9,6.6,1,90.4,4.2,210,279,38,3,4,2.5,10,123,6,4.70%,WilsLo00
19,Dre Greenlaw,SFO,25,LB,15,15,1,89,70,78.70%,483,6.9,5.4,1,88.3,2.9,163,320,23,2,0,0,2,127,9,6.60%,GreeDr00
20,Christian Kirksey,HOU,30,LB,17,17,2,60,45,75.00%,407,9,6.8,2,90.1,5.3,166,241,32,1,4,3,9,124,10,7.50%,KirkCh00
21,Bobby Wagner,LAR,32,LB,17,17,2,48,33,68.80%,359,10.9,7.5,2,87.1,1.4,56,303,49,2,2,6,10,140,2,1.40%,WagnBo00
22,Lavonte David,TAM,32,LB,17,17,0,73,55,75.30%,376,6.8,5.2,1,90.9,3.7,156,220,24,0,0,3,3,124,9,6.80%,DaviLa00
23,Julian Love,NYG,24,S,16,16,2,50,34,68.00%,333,9.8,6.7,3,89.8,9.5,180,153,16,1,0,1,2,124,5,3.90%,LoveJu00
24,Patrick Queen,BAL,23,LB,17,17,2,66,51,77.30%,464,9.1,7,0,83.1,3.4,136,328,64,3,7,5,17,117,9,7.10%,QueePa00
25,Jalen Thompson,ARI,24,S,17,17,1,56,38,67.90%,512,13.5,9.1,4,113.1,10.5,277,235,3,0,1,0,1,110,4,3.50%,ThomJa04
26,Fred Warner*+,SFO,26,LB,17,17,1,68,41,60.30%,438,10.7,6.4,0,73,4.3,142,296,35,2,3,2,8,130,8,5.80%,WarnFr00
27,Shaq Thompson,CAR,28,LB,17,17,0,70,47,67.10%,379,8.1,5.4,2,90.1,2.8,90,289,35,1,1,0.5,3,135,11,7.50%,ThomSh01
28,Alex Anzalone,DET,28,LB,17,17,1,46,32,69.60%,318,9.9,6.9,0,79.8,5.7,129,189,60,5,3,1.5,10,125,10,7.40%,AnzaAl00
29,Jevon Holland,MIA,22,S,17,17,2,49,38,77.60%,516,13.6,10.5,3,113.9,9.9,343,173,21,3,0,1.5,5,96,5,5.00%,HollJe02
30,Donovan Wilson,DAL,27,S,17,17,1,39,20,51.30%,166,8.3,4.3,2,69,9.6,96,70,30,3,4,5,12,101,9,8.20%,WilsDo01
31,Frankie Luvu,CAR,26,LB,15,14,1,48,34,70.80%,277,8.1,5.8,3,97.3,1.6,71,206,57,3,3,7,13,111,7,5.90%,LuvuFr00
32,Budda Baker*,ARI,26,S,15,15,2,40,30,75.00%,282,9.4,7.1,3,98.1,5,108,174,55,5,1,0,6,111,14,11.20%,BakeBu00
33,L'Jarius Sneed,KAN,25,CB,17,17,3,104,69,66.30%,649,9.4,6.2,4,84.2,6.8,312,337,40,3,3,3.5,10,108,5,4.40%,SneeLJ00
34,Quay Walker,GNB,22,LB,17,16,0,45,24,53.30%,184,7.7,4.1,0,63.6,3,32,152,52,2,3,1.5,7,121,6,4.70%,WalkQu00
35,Quincy Williams,NYJ,26,LB,15,15,0,51,44,86.30%,306,7,6,0,91.7,3.8,170,136,10,0,3,3,7,106,9,7.80%,WillQu01
36,Adrian Amos,GNB,29,S,17,17,1,50,35,70.00%,428,12.2,8.6,3,107.7,8.8,310,118,10,1,2,1,4,102,4,3.80%,AmosAd00
37,Jaquan Brisker,CHI,23,DB,15,15,1,48,27,56.30%,352,13,7.3,4,98.6,9.5,209,143,15,1,0,4,5,104,7,6.30%,BrisJa01
38,DeShon Elliott,DET,25,S,14,13,1,38,31,81.60%,552,17.8,14.5,2,125.3,15.6,432,120,16,2,1,0,3,96,5,5.00%,ElliDe02
39,Rayshawn Jenkins,JAX,28,S,17,17,3,55,39,70.90%,450,11.5,8.2,1,78.6,8.8,259,191,23,5,2,1,8,116,18,13.40%,JenkRa00
40,Devin White,TAM,24,LB,17,17,0,60,46,76.70%,400,8.7,6.7,2,104.9,2.8,137,263,65,7,9,5.5,22,124,11,8.10%,WhitDe02
41,Grant Delpit,CLE,24,S,17,16,4,41,21,51.20%,352,16.8,8.6,5,80.5,12.4,190,162,13,0,0,0,0,105,9,7.90%,DelpGr00
42,Matt Milano*+,BUF,28,LB,15,15,3,68,45,66.20%,388,8.6,5.7,0,62.6,3.7,129,259,36,3,5,1.5,10,99,13,11.60%,MilaMa00
43,Marcus Epps,PHI,26,S,17,17,0,52,38,73.10%,470,12.4,9,6,139.1,9.2,290,180,6,1,0,0,1,94,10,9.60%,EppsMa00
44,Richie Grant,ATL,25,S,17,17,2,62,39,62.90%,446,11.4,7.2,3,87.2,10.1,240,206,11,1,1,0,2,123,8,6.10%,GranRi00
45,Josey Jewell,DEN,28,LB,13,13,2,66,52,78.80%,525,10.1,8,2,97.3,3.9,147,378,43,0,2,2.5,5,128,9,6.60%,JeweJo00
46,John Johnson,CLE,27,S,17,17,1,49,27,55.10%,429,15.9,8.8,1,82.8,11.8,270,159,5,1,1,0.5,3,101,10,9.00%,JohnJo10
47,Roger McCreary,TEN,22,CB,17,17,1,108,73,67.60%,850,11.6,7.9,6,105.9,9.2,581,269,16,2,0,0,2,84,8,8.70%,McCrRo01
48,Kevin Byard,TEN,29,S,17,17,4,71,46,64.80%,610,13.3,8.6,2,77.8,7.9,365,245,13,2,0,0,2,108,4,3.60%,ByarKe01
49,Rasul Douglas,GNB,28,CB,17,12,4,84,54,64.30%,583,10.8,6.9,6,88.5,7.5,312,271,3,0,0,1,1,85,6,6.60%,DougRa00
50,Jamin Davis,WAS,24,LB,16,15,0,52,33,63.50%,315,9.5,6.1,1,86.6,2.6,80,235,37,3,3,3,9,104,3,2.80%,DaviJa11
51,Elandon Roberts,MIA,28,LB,17,17,0,35,28,80.00%,304,10.9,8.7,2,121.9,5.2,107,197,33,0,2,4.5,7,107,8,7.00%,RobeEl00
52,Isaiah Simmons,ARI,24,LB,17,13,2,70,54,77.10%,518,9.6,7.4,4,104.3,5.1,217,301,39,2,0,4,6,99,5,4.80%,SimmIs00
53,Taron Johnson,BUF,26,CB,16,15,1,100,65,65.00%,592,9.1,5.9,7,100.1,4.5,270,322,19,1,0,0,1,90,3,3.20%,JohnTa01
54,Jerome Baker,MIA,26,LB,17,17,0,68,54,79.40%,364,6.7,5.4,2,98.8,3,88,276,47,1,3,4,9,100,10,9.10%,BakeJe00
55,Tremaine Edmunds,BUF,24,LB,13,13,1,60,39,65.00%,296,7.6,4.9,0,69.9,4.4,134,162,18,0,2,1,3,102,1,1.00%,EdmuTr01
56,Talanoa Hufanga*+,SFO,23,S,17,17,4,55,35,63.60%,399,11.4,7.3,6,91.4,8.9,240,159,28,2,1,2,5,97,8,7.60%,HufaTa00
57,Ernest Jones,LAR,23,LB,17,11,1,53,42,79.20%,333,7.9,6.3,0,85,3.4,128,205,13,1,1,0,2,114,7,5.80%,JoneEr01
58,Harrison Smith,MIN,33,S,14,14,5,39,31,79.50%,350,11.3,9,1,73,10.3,241,109,9,1,0,0,1,85,2,2.30%,SmitHa00
59,Kyzir White,PHI,26,LB,17,8,0,65,42,64.60%,288,6.9,4.4,0,74.4,2.4,69,219,20,0,1,1.5,3,110,5,4.30%,WhitKy00
60,Derwin James*,LAC,26,S,14,14,2,58,38,65.50%,398,10.5,6.9,2,82.4,8,231,167,23,2,1,4,7,115,5,4.20%,JameDe00
61,Tyrann Mathieu,NOR,30,S,17,17,3,59,37,62.70%,387,10.5,6.6,3,77.4,7.7,204,183,15,0,1,1,2,91,6,6.20%,MathTy00
62,Jalen Ramsey*,LAR,28,DB,17,17,4,91,57,62.60%,659,11.6,7.2,5,84.5,9.1,435,224,21,2,0,2,4,88,3,3.30%,RamsJa00
63,Antoine Winfield Jr.,TAM,24,S,13,13,1,47,31,66.00%,344,11.1,7.3,4,107,8.7,219,125,18,1,2,4,7,80,2,2.40%,WinfAn00
64,Zaven Collins,ARI,23,LB,16,16,1,63,46,73.00%,416,9,6.6,2,94.4,2.6,48,368,58,4,2,2,8,100,8,7.40%,CollZa00
65,Damar Hamlin,BUF,24,S,15,13,0,35,25,71.40%,454,18.2,13,3,142.3,11,237,217,16,0,1,1.5,3,91,7,7.10%,HamlDa00
66,Duron Harmon,LVR,31,S,17,16,2,57,44,77.20%,693,15.8,12.2,3,120,9,373,320,15,0,0,0,0,86,6,6.50%,HarmDu00
67,Michael Jackson,SEA,25,CB,17,17,1,86,48,55.80%,488,10.2,5.7,2,75.1,10.3,348,140,3,0,1,0,1,75,6,7.40%,JackMi01
68,Kader Kohou,MIA,24,CB,15,13,1,115,68,59.10%,698,10.3,6.1,3,81.7,8.5,437,261,6,0,0,0,0,72,8,10.00%,KohoKa00
69,D.J. Reed,NYJ,26,CB,17,17,1,85,54,63.50%,489,9.1,5.8,2,81.9,11.7,323,166,2,0,0,0,0,80,6,7.00%,ReedD.00
70,Ja'Whaun Bentley,NWE,26,LB,17,17,1,47,37,78.70%,321,8.7,6.8,0,86.3,2.6,65,256,51,6,2,3,11,125,10,7.40%,BentJa00
71,Malcolm Rodriguez,DET,23,LB,16,15,0,44,30,68.20%,321,10.7,7.3,1,96.9,4.7,152,169,24,3,1,1,5,87,5,5.40%,RodrMa00
72,Chuck Clark,BAL,27,S,17,17,0,43,32,74.40%,270,8.4,6.3,1,98,5.5,123,147,14,1,0,0,1,101,4,3.80%,ClarCh00
73,C.J. Gardner-Johnson,PHI,25,S,12,12,6,52,38,73.10%,446,11.7,8.6,3,78.4,11,323,123,10,1,1,1,3,67,11,14.10%,GardCh00
74,Myles Jack,PIT,27,LB,15,13,0,55,42,76.40%,390,9.3,7.1,2,107.4,4.4,171,219,21,0,1,0,1,104,7,6.30%,JackMy00
75,Eddie Jackson,CHI,29,DB,12,12,4,34,21,61.80%,348,16.6,10.2,1,66.4,12.5,250,98,5,0,0,0,0,80,9,10.10%,JackEd01
76,Desmond King,HOU,28,DB,17,13,2,56,40,71.40%,365,9.1,6.5,2,85.8,6.9,204,161,8,1,1,0,2,89,7,7.30%,KingDe01
77,Devin Lloyd,JAX,24,LB,17,15,3,79,61,77.20%,648,10.6,8.2,4,101.7,5,236,412,38,1,2,0,3,115,14,10.90%,LloyDe00
78,Rodney McLeod,IND,32,S,17,15,2,68,46,67.60%,455,9.9,6.7,5,98.6,7.3,223,232,10,1,0,0,1,96,6,5.90%,McLeRo00
79,Jeff Okudah,DET,23,CB,15,15,1,77,46,59.70%,681,14.8,8.8,1,87.6,10.9,411,270,2,0,0,0,0,73,6,7.60%,OkudJe00
80,Justin Reid,KAN,25,S,17,17,0,58,37,63.80%,388,10.5,6.7,4,106.1,7.2,243,145,34,1,3,1,5,83,8,8.80%,ReidJu00
81,Charvarius Ward,SFO,26,CB,17,17,1,95,54,56.80%,612,11.3,6.4,3,82.4,9.7,410,202,3,0,0,0,0,87,0,0.00%,WardCh01
82,Christian Wilkins,MIA,27,DT,17,17,0,1,1,100.00%,4,4,4,0,83.3,-5,-5,9,1,8,2,3.5,15,98,1,1.00%,WilkCh00
83,Maxx Crosby*,LVR,25,DE,17,17,0,4,2,50.00%,10,5,2.5,0,56.2,-2.5,-3,13,13,12,21,12.5,47,89,4,4.30%,CrosMa00
84,Kamren Curl,WAS,23,S,12,12,0,39,30,76.90%,312,10.4,8,2,116.6,5.5,173,139,8,0,0,1,1,83,4,4.60%,CurlKa00
85,Taylor Rapp,LAR,25,DB,16,16,2,53,38,71.70%,344,9.1,6.5,4,98.3,6.5,174,170,9,0,1,0,1,92,6,6.10%,RappTa00
86,Jordan Whitehead,NYJ,25,S,17,17,2,42,23,54.80%,301,13.1,7.2,3,81.5,10.7,167,134,5,0,0,0,0,89,8,8.20%,WhitJo03
87,Nate Hobbs,LVR,23,CB,11,11,0,77,58,75.30%,622,10.7,8.1,5,120.2,8.3,389,233,3,0,0,1,1,72,7,8.90%,HobbNa00
88,De'Vondre Campbell,GNB,29,LB,13,13,2,55,44,80.00%,362,8.2,6.6,0,78.9,2.7,108,254,19,2,1,0,3,96,6,5.90%,CampDe00
89,Minkah Fitzpatrick*+,PIT,26,S,15,15,6,54,33,61.10%,516,15.6,9.6,5,84.1,10.5,314,202,11,1,1,0,2,96,5,5.00%,FitzMi00
90,Darrick Forrest,WAS,23,S,17,11,4,55,30,54.50%,448,14.9,8.1,4,75.4,12.3,286,162,7,0,0,0,0,88,3,3.30%,ForrDa00
91,Jonathan Jones,NWE,29,DB,16,16,4,91,48,52.70%,588,12.3,6.5,5,73,12.2,368,220,1,0,0,0,0,69,7,9.20%,JoneJo03
92,Patrick Peterson,MIN,32,CB,17,17,5,89,53,59.60%,696,13.1,7.8,5,79.6,11.1,387,309,2,0,0,0,0,66,3,4.30%,PetePa00
93,Nick Scott,LAR,27,DB,17,16,2,58,46,79.30%,601,13.1,10.4,4,118.5,7.9,322,279,1,0,0,0,0,86,10,10.40%,ScotNi01
94,Mykal Walker,ATL,25,LB,16,12,2,53,44,83.00%,374,8.5,7.1,0,80.3,3.6,163,211,16,1,0,1,2,107,6,5.30%,WalkMy00
95,Pete Werner,NOR,23,LB,12,11,0,39,28,71.80%,212,7.6,5.4,1,93.1,2.8,41,171,15,2,0,0,2,80,4,4.80%,WernPe00
96,Tyson Campbell,JAX,22,CB,17,17,3,83,45,54.20%,433,9.6,5.2,6,78,11.3,299,134,1,0,0,0,0,70,5,6.70%,CampTy01
97,Kyler Gordon,CHI,23,DB,14,14,3,82,63,76.80%,764,12.1,9.3,3,101.9,7.4,418,346,18,1,0,0,1,71,2,2.70%,GordKy00
98,Kareem Jackson,DEN,34,S,17,17,0,59,34,57.60%,470,13.8,8,3,100.2,9.2,252,218,2,0,0,0,0,94,16,14.50%,JackKa99
99,Kerby Joseph,DET,22,S,17,14,4,40,25,62.50%,294,11.8,7.4,6,84.8,13.9,213,81,4,0,1,0,1,82,7,7.90%,JoseKe03
100,Jayron Kearse,DAL,28,S,14,14,1,41,28,68.30%,319,11.4,7.8,0,81.2,5.4,167,152,28,2,0,2,4,77,2,2.50%,KearJa00
101,Demario Davis*,NOR,33,LB,17,17,1,49,33,67.30%,274,8.3,5.6,2,86.6,3,61,213,26,1,2,6.5,10,109,10,8.40%,DaviDe00
102,Deommodore Lenoir,SFO,23,DB,17,13,1,83,55,66.30%,695,12.6,8.4,1,91.2,8.9,418,277,13,1,1,1,3,79,9,10.20%,LenoDe00
103,Damarri Mathis,DEN,23,CB,16,11,0,81,56,69.10%,513,9.2,6.3,1,90.2,8.2,335,178,3,0,0,0,0,65,15,18.80%,MathDa00
104,Bobby McCain,WAS,29,S,17,16,0,52,41,78.80%,404,9.9,7.8,2,111.9,7.3,238,166,14,1,1,0,2,76,2,2.60%,McCaBo01
105,Devin McCourty,NWE,35,DB,17,17,4,37,19,51.40%,273,14.4,7.4,4,72.1,13.4,210,63,2,0,0,0,0,71,5,6.60%,McCoDe99
106,Denzel Perryman,LVR,30,LB,12,11,2,29,21,72.40%,119,5.7,4.1,1,62.3,1.8,18,101,46,2,4,1,7,83,7,7.80%,PerrDe00
107,Leighton Vander Esch,DAL,26,LB,14,14,0,31,24,77.40%,214,8.9,6.9,0,95.4,3.8,87,127,17,2,0,1,3,90,3,3.20%,VandLe00
108,Carlton Davis,TAM,26,CB,13,13,1,93,52,55.90%,622,12,6.7,3,82.8,9.5,356,266,3,0,1,0,1,65,5,7.10%,DaviCa02
109,Stephon Gilmore,IND,32,CB,16,16,2,89,50,56.20%,577,11.5,6.5,2,74,8.8,332,245,0,0,0,0,0,66,5,7.00%,GilmSt00
110,Marlon Humphrey*,BAL,26,CB,17,17,3,79,51,64.60%,590,11.6,7.5,3,83.8,9.6,420,170,7,2,1,3,6,71,1,1.40%,HumpMa00
111,Xavier Woods,CAR,27,S,15,15,0,55,33,60.00%,452,13.7,8.2,1,92.4,11.3,246,206,20,1,1,0,2,86,6,6.50%,WoodXa00
112,Vonn Bell,CIN,28,S,16,16,4,53,36,67.90%,468,13,8.8,0,64,9.1,271,197,25,1,2,1,5,77,6,7.20%,BellVo00
113,Coby Bryant,SEA,23,CB,17,6,0,72,54,75.00%,657,12.2,9.1,3,116.5,7.3,301,356,12,0,2,2,4,70,7,9.10%,BryaCo01
114,Mike Edwards,TAM,26,S,13,12,2,48,32,66.70%,488,15.3,10.2,4,110.4,14.5,310,178,22,2,1,1,4,82,5,5.70%,EdwaMi01
115,David Long,TEN,26,LB,12,12,2,53,39,73.60%,336,8.6,6.3,0,74.1,3.1,126,210,22,3,3,0,6,86,10,10.40%,LongDa04
116,Robert Spillane,PIT,27,LB,16,5,0,43,36,83.70%,359,10,8.3,1,109.2,5.1,167,192,42,1,1,1,3,79,5,6.00%,SpilRo00
117,Paulson Adebo,NOR,23,CB,13,12,0,76,50,65.80%,664,13.3,8.7,6,119.6,10.8,418,246,1,0,0,0,0,60,9,13.00%,AdebPa00
118,Jeremy Chinn,CAR,24,S,11,11,0,50,34,68.00%,414,12.2,8.3,0,93.2,11,298,116,13,1,0,1,2,70,5,6.70%,ChinJe00
119,Martin Emerson,CLE,22,CB,17,6,0,91,46,50.50%,490,10.7,5.4,3,77.6,10.4,380,110,3,0,0,1,1,63,6,8.70%,EmerMa00
120,Sauce Gardner*+,NYJ,22,CB,17,17,2,86,46,53.50%,452,9.8,5.3,1,62.7,12.5,277,175,5,0,1,0,1,75,5,6.30%,GardSa00
121,Willie Gay Jr.,KAN,24,LB,13,13,1,52,42,80.80%,338,8,6.5,1,92.1,2.1,70,268,30,0,1,2.5,4,88,9,9.30%,GayJWi00
122,Michael Carter,NYJ,23,CB,17,6,2,77,50,64.90%,473,9.5,6.1,1,75.3,4.8,152,321,16,3,0,0,3,63,1,1.60%,CartMi02
123,Quandre Diggs*,SEA,29,FS,17,17,4,35,20,57.10%,350,17.5,10,4,89.9,13.9,216,134,4,0,1,0,1,71,6,7.80%,DiggQu00
124,Trevon Diggs*,DAL,24,CB,17,17,3,85,55,64.70%,673,12.2,7.9,3,86.1,9.8,369,304,1,0,0,0,0,59,1,1.70%,DiggTr00
125,Kyle Dugger,NWE,26,DB,15,15,3,55,38,69.10%,369,9.7,6.7,5,95.2,8.4,236,133,26,1,1,1,3,78,7,8.20%,DuggKy00
126,C.J. Henderson,CAR,24,CB,17,10,2,84,58,69.00%,684,11.8,8.1,5,103.5,10.5,501,183,2,1,0,0,1,58,7,10.80%,HendCJ00
127,Kenny Moore,IND,27,CB,12,12,0,48,34,70.80%,412,12.1,8.6,3,117.7,8.5,225,187,11,0,0,1,1,65,5,7.10%,MoorKe03
128,Fabian Moreau,NYG,28,DB,14,11,0,81,48,59.30%,553,11.5,6.8,5,100.5,12.7,394,159,1,0,0,0,0,66,3,4.30%,MoreFa00
129,Kenneth Murray,LAC,24,LB,17,16,1,45,33,73.30%,270,8.2,6,1,86.3,2.7,68,202,26,2,3,1,6,76,7,8.40%,MurrKe00
130,Germaine Pratt,CIN,26,LB,15,15,2,40,25,62.50%,196,7.8,4.9,1,62.1,3.5,68,128,24,2,0,1,3,99,5,4.80%,PratGe00
131,Jack Sanborn,CHI,22,LB,14,6,0,17,13,76.50%,119,9.2,7,0,95,3.3,36,83,13,0,1,2,3,64,3,4.50%,SanbJa00
132,Camryn Bynum,MIN,24,S,17,17,2,44,29,65.90%,479,16.5,10.9,8,123,14.3,358,121,1,0,0,0,0,81,5,5.80%,BynuCa00
133,Andre Cisco,JAX,22,S,15,15,3,29,22,75.90%,365,16.6,12.6,4,117.4,8.7,200,165,14,0,0,1,1,73,3,3.90%,CiscAn00
134,Dane Jackson,BUF,26,CB,15,14,2,78,46,59.00%,538,11.7,6.9,3,82.1,10.1,412,126,4,0,0,0,0,57,7,10.90%,JackDa02
135,Michael Davis,LAC,27,CB,17,12,1,70,34,48.60%,337,9.9,4.8,2,66.2,11.5,218,119,3,0,0,1,1,62,1,1.60%,DaviMi03
136,Mike Hilton,CIN,28,CB,14,4,1,69,43,62.30%,430,10,6.2,1,78.8,6.7,235,195,30,0,4,0,4,60,6,9.10%,HiltMi01
137,Asante Samuel Jr.,LAC,23,CB,17,15,2,87,48,55.20%,626,13,7.2,7,95.3,11,427,199,0,0,0,0,0,57,3,5.00%,SamuAs00
138,Kyle Hamilton,BAL,21,S,16,4,0,49,36,73.50%,279,7.8,5.7,1,93.8,3.3,147,132,24,1,3,2,6,62,5,7.50%,HamiKy00
139,Christian Harris,HOU,21,LB,12,11,1,46,33,71.70%,295,8.9,6.4,0,79.5,2.9,73,222,9,0,2,1,3,74,10,11.90%,HarrCh06
140,Danielle Hunter*,MIN,28,OLB,17,17,0,8,8,100.00%,64,8,8,0,100,1.3,10,54,23,11,11,10.5,34,65,3,4.40%,HuntDa01
141,Jaylon Smith,NYG,27,LB,13,11,0,28,23,82.10%,224,9.7,8,0,100,5.5,92,132,21,2,1,1,4,88,0,0.00%,SmitJa05
142,Patrick Surtain II*+,DEN,22,CB,17,17,2,77,45,58.40%,468,10.4,6.1,4,82.6,11.5,360,108,3,0,1,0,1,60,5,7.70%,SurtPa01
143,Tariq Woolen*,SEA,23,CB,17,17,6,66,34,51.50%,419,12.3,6.3,3,48.7,13.5,292,127,1,0,0,0,0,63,5,7.40%,WoolTa00
144,Myles Bryant,NWE,24,DB,17,6,1,70,47,67.10%,509,10.8,7.3,4,101.4,9.1,358,151,10,0,0,0,0,70,5,6.70%,BryaMy01
145,Cameron Dantzler,MIN,24,CB,10,9,0,53,41,77.40%,407,9.9,7.7,2,111.1,8.1,244,163,1,0,0,0,0,50,3,5.70%,DantCa00
146,Jamel Dean,TAM,26,CB,15,15,2,65,36,55.40%,469,13,7.2,4,86,14,318,151,3,0,0,0,0,57,2,3.40%,DeanJa00
147,Jaylinn Hawkins,ATL,25,S,16,16,2,38,25,65.80%,331,13.2,8.7,4,106.4,9.3,216,115,8,1,1,0,2,84,7,7.70%,HawkJa00
148,Troy Hill,LAR,31,CB,12,12,1,56,40,71.40%,421,10.5,7.5,3,103.3,8,241,180,6,0,0,0,0,67,8,10.70%,HillTr01
149,Ryan Neal,SEA,27,SS,14,10,1,52,26,50.00%,191,7.3,3.7,2,63.9,7.9,91,100,10,0,0,1,1,66,6,8.30%,NealRy00
150,Jeremiah Owusu-Koramoah,CLE,23,LB,11,10,0,39,27,69.20%,306,11.3,7.8,5,132.1,4.1,100,206,26,1,1,0,2,70,8,10.30%,OwusJe00
151,Chandon Sullivan,MIN,26,CB,17,10,0,72,51,70.80%,638,12.5,8.9,1,102.7,7.7,323,315,15,1,1,0,2,60,3,4.80%,SullCh00
152,Andrew Adams,TEN,30,DB,13,11,1,57,43,75.40%,464,10.8,8.1,2,103.3,7.6,174,290,6,1,1,0,2,62,9,12.70%,AdamAn00
153,Jonathan Allen*,WAS,27,DT,16,16,1,5,5,100.00%,61,12.2,12.2,1,117.5,1.6,8,53,0,4,9,7.5,21,65,1,1.50%,AlleJo01
154,DeForest Buckner,IND,28,DT,17,16,0,4,3,75.00%,3,1,0.8,0,77.1,-2.8,-9,12,1,9,10,8,29,74,2,2.60%,BuckDe00
155,Devin Bush Jr.,PIT,24,LB,17,14,0,38,28,73.70%,318,11.4,8.4,1,107.1,6.7,188,130,31,1,2,0,3,81,1,1.20%,BushDe01
156,Will Harris,DET,27,CB,15,10,1,61,43,70.50%,522,12.1,8.6,3,106,9.2,347,175,20,4,0,0,4,57,2,3.40%,HarrWi02
157,Myles Hartsfield,CAR,25,DB,15,10,0,49,35,71.40%,376,10.7,7.7,4,120.8,6.3,224,152,12,4,1,0,5,59,4,6.30%,HartMy00
158,Malik Hooker,DAL,26,S,16,6,3,27,20,74.10%,220,11,8.1,2,82.9,8,145,75,2,0,0,0,0,62,7,10.10%,HookMa00
159,Jordan Poyer*,BUF,31,S,12,12,4,31,21,67.70%,146,7,4.7,2,60.1,6,81,65,12,0,0,0,0,63,3,4.50%,PoyeJo00
160,Grover Stewart,IND,29,DT,17,17,0,4,3,75.00%,42,14,10.5,0,108.3,-0.3,-2,44,0,5,3,4,12,70,5,6.70%,StewGr00
161,Marcus Williams,BAL,26,S,10,10,4,30,23,76.70%,322,14,10.7,0,71.1,9.9,190,132,5,0,0,0,0,61,4,6.20%,WillMa06
162,Marco Wilson,ARI,23,CB,14,13,3,87,50,57.50%,546,10.9,6.3,4,77.1,8.9,344,202,8,1,1,0,2,58,9,13.40%,WilsMa04
163,Jaire Alexander*,GNB,25,CB,16,16,5,82,49,59.80%,572,11.7,7,2,63.7,9,366,206,0,0,0,0,0,56,4,6.70%,AlexJa00
164,Kaden Elliss,NOR,27,LB,17,11,0,31,19,61.30%,176,9.3,5.7,0,76.8,5,82,94,24,1,2,7,11,78,5,6.00%,ElliKa00
165,Tashaun Gipson,SFO,32,S,17,17,5,35,20,57.10%,371,18.6,10.6,1,63.8,14.8,283,88,9,0,0,0.5,1,61,2,3.20%,GipsTa00
166,DeMarcus Lawrence*,DAL,30,DE,17,17,0,4,4,100.00%,14,3.5,3.5,0,81.2,-2.3,-9,23,2,8,7,6,21,65,5,7.10%,LawrDe00
167,Darnell Savage Jr.,GNB,25,S,16,13,1,44,30,68.20%,444,14.8,10.1,3,114.2,10.1,304,140,8,0,0,0,0,58,6,9.40%,SavaDa00
168,Juan Thornhill,KAN,27,S,16,16,3,47,32,68.10%,428,13.4,9.1,5,105.6,12.4,321,107,4,0,1,1,2,71,9,11.30%,ThorJu00
169,Johnathan Abram,3TM,26,,15,8,0,54,34,63.00%,375,11,6.9,0,83.5,6,150,225,25,3,2,0,5,60,3,4.80%,AbraJo01
170,Kwon Alexander,NYJ,28,LB,17,12,0,44,31,70.50%,303,9.8,6.9,0,89.5,3.5,79,224,9,1,1,0.5,3,69,4,5.50%,AlexKw00
171,Dylan Cole,TEN,28,LB,15,8,0,32,29,90.60%,257,8.9,8,2,121,3.8,107,150,11,2,0,1,3,64,8,11.10%,ColeDy00
172,Marcus Maye,NOR,29,S,10,10,0,18,12,66.70%,98,8.2,5.4,0,80.3,6.3,45,53,1,0,0,0,0,60,1,1.60%,MayeMa00
173,Uchenna Nwosu,SEA,26,LB,17,17,0,16,12,75.00%,142,11.8,8.9,0,101.6,1.3,-14,156,30,3,15,9.5,28,66,4,5.70%,NwosUc00
174,Micah Parsons*+,DAL,23,LB,17,17,0,11,9,81.80%,82,9.1,7.5,1,128,0.5,-9,91,68,13,14,13.5,41,65,5,7.10%,ParsMi00
175,Eric Rowe,MIA,30,S,14,6,0,48,37,77.10%,440,11.9,9.2,0,104.5,7.1,260,180,13,1,0,2,3,56,2,3.40%,RoweEr00
176,Justin Simmons,DEN,29,S,12,12,6,47,36,76.60%,330,9.2,7,4,84,6.2,158,172,1,0,0,0,0,69,8,10.40%,SimmJu00
177,Denzel Ward,CLE,25,CB,14,14,3,69,42,60.90%,530,12.6,7.7,2,76.4,10.3,369,161,2,0,1,0,1,53,4,7.00%,WardDe02
178,Nick Bosa*+,SFO,25,DE,16,16,0,3,3,100.00%,6,2,2,0,79.2,-1.3,-4,10,1,9,28,18.5,56,51,1,1.90%,BosaNi00
179,Terrell Edmunds,PIT,25,S,15,15,0,33,20,60.60%,264,13.2,8,3,116.2,9.9,167,97,10,1,0,2,3,70,6,7.90%,EdmuTe00
180,Keanu Neal,TAM,27,S,17,8,1,28,21,75.00%,245,11.7,8.8,3,121.9,9.6,114,131,14,1,4,0.5,6,63,7,10.00%,NealKe01
181,Zach Sieler,MIA,27,DT,17,15,0,2,2,100.00%,9,4.5,4.5,0,85.4,-3.5,-7,16,0,4,8,3.5,16,70,2,2.80%,SielZa00
182,Cam Taylor-Britt,CIN,23,CB,10,9,0,58,34,58.60%,483,14.2,8.3,3,102.9,12.8,347,136,1,0,0,0,0,55,6,9.80%,TaylCa01
183,Troy Andersen,ATL,23,LB,17,5,0,23,21,91.30%,218,10.4,9.5,2,135.1,3.7,78,140,12,0,3,0,3,69,3,4.20%,AndeTr00
184,Antonio Hamilton,ARI,29,CB,10,5,1,48,32,66.70%,301,9.4,6.3,1,82,6.8,105,196,4,0,0,0,0,44,4,8.30%,HamiAn01
185,Adoree' Jackson,NYG,27,CB,10,10,0,60,31,51.70%,398,12.8,6.6,2,83.9,9.8,296,102,1,0,0,0,0,51,3,5.60%,JackAd00
186,Cameron Jordan*,NOR,33,DE,16,16,0,2,1,50.00%,-3,-3,-1.5,0,56.2,-3,-6,3,3,4,3,8.5,17,66,3,4.30%,JordCa00
187,Darius Slay*,PHI,31,CB,17,17,3,79,46,58.20%,532,11.6,6.7,5,83.9,10.5,365,167,1,0,0,0,0,55,3,5.20%,SlayDa00
188,Nasir Adderley,LAC,25,S,16,15,2,38,23,60.50%,403,17.5,10.6,1,83.6,15.2,270,133,1,0,0,0,0,62,6,8.80%,AddeNa00
189,James Bradberry,PHI,29,CB,17,17,3,86,39,45.30%,382,9.8,4.4,2,51.6,10.4,239,143,1,0,0,0,0,44,7,13.70%,BradJa00
190,Cameron Heyward*,PIT,33,DT,17,17,0,0,0,,0,,,0,,,0,0,0,7,11,10.5,30,74,6,7.50%,HeywCa01
191,Amani Hooker,TEN,24,DB,9,9,1,40,28,70.00%,335,12,8.4,2,101.6,6.6,201,134,21,4,0,0,4,46,2,4.20%,HookAm00
192,Steven Nelson,HOU,29,DB,15,15,1,62,37,59.70%,367,9.9,5.9,2,80.5,10.3,253,114,1,0,1,1,2,52,8,13.30%,NelsSt01
193,Monty Rice,TEN,23,LB,13,6,0,29,23,79.30%,198,8.6,6.8,1,106.6,4.6,87,111,9,0,2,0,2,66,4,5.70%,RiceMo00
194,Alontae Taylor,NOR,24,CB,13,9,0,66,32,48.50%,318,9.9,4.8,0,62.6,13,215,103,0,0,0,0,0,46,8,14.80%,TaylAl01
195,Jessie Bates III,CIN,25,S,16,16,4,37,19,51.40%,309,16.3,8.4,4,76.1,14.1,215,94,9,0,0,0,0,71,7,9.00%,BateJe00
196,DaRon Bland,DAL,23,CB,17,8,5,63,45,71.40%,412,9.2,6.5,5,82.2,6.8,219,193,8,0,1,0,1,54,5,8.50%,BlanDa00
197,Divine Deablo,LVR,24,LB,8,8,0,36,30,83.30%,252,8.4,7,3,123.6,4.1,128,124,22,0,0,0,0,74,3,3.90%,DeabDi00
198,Kamu Grugier-Hill,2TM,28,LB/OLB,15,6,0,35,24,68.60%,250,10.4,7.1,1,98.5,4.9,94,156,10,1,1,0,2,48,3,5.90%,GrugKa00
199,Alex Highsmith,PIT,25,LB,17,17,0,8,5,62.50%,17,3.4,2.1,0,66.7,-0.5,-7,24,65,6,6,14.5,28,63,3,4.50%,HighAl02
200,Arthur Maulet,PIT,29,CB,17,6,1,39,24,61.50%,348,14.5,8.9,3,105.5,7.5,187,161,23,2,1,2,5,59,7,10.60%,MaulAr00
201,Ben Niemann,ARI,27,LB,17,9,0,25,19,76.00%,119,6.3,4.8,0,85.2,0.4,5,114,14,1,1,0,2,70,0,0.00%,NiemBe00
202,Preston Smith,GNB,30,LB,17,17,0,7,6,85.70%,75,12.5,10.7,0,111.3,-2.1,-10,85,33,8,9,8.5,27,59,4,6.30%,SmitPr00
203,Jimmie Ward,SFO,31,DB,12,5,3,71,52,73.20%,473,9.1,6.7,3,87.4,4.6,243,230,11,0,2,0,2,50,4,7.40%,WardJi01
204,Myles Garrett*,CLE,27,DE,16,15,0,1,0,0.00%,0,,0,0,39.6,-2,0,0,2,11,9,16,38,60,1,1.60%,GarrMy00
205,Javon Hargrave,PHI,29,DT,17,17,0,1,0,0.00%,0,,0,0,39.6,4,0,0,1,2,5,11,18,60,1,1.60%,HargJa00
206,Cole Holcomb,WAS,26,LB,7,7,0,22,16,72.70%,172,10.8,7.8,2,125.6,5,82,90,24,0,1,0,1,69,4,5.50%,HolcCo00
207,Jaycee Horn,CAR,23,CB,13,13,3,60,33,55.00%,429,13,7.2,1,62.4,12.1,306,123,9,2,1,0,3,53,6,10.20%,HornJa00
208,Jerry Jacobs,DET,25,CB,12,8,1,60,32,53.30%,358,11.2,6,1,70,12,237,121,1,0,0,1,1,42,4,8.70%,JacoJe00
209,Tre'von Moehrig,LVR,23,S,15,13,0,46,32,69.60%,449,14,9.8,4,129.7,9.5,250,199,7,1,0,0,1,55,5,8.30%,MoehTr00
210,Adrian Phillips,NWE,30,DB,17,8,0,36,24,66.70%,280,11.7,7.8,2,108.6,7.5,195,85,9,0,1,0,1,66,3,4.30%,PhilAd00
211,Jaelan Phillips,MIA,23,LB,17,15,0,20,19,95.00%,120,6.3,6,1,108.3,1.3,16,104,64,11,16,7,36,61,10,14.10%,PhilJa02
212,E.J. Speed,IND,27,LB,17,5,0,11,9,81.80%,89,9.9,8.1,1,130.7,5.1,45,44,13,1,0,1,2,63,3,4.50%,SpeeEJ00
213,Jahlani Tavai,NWE,26,MLB,17,12,0,29,22,75.90%,124,5.6,4.3,1,94.6,1,34,90,19,4,1,1.5,7,69,0,0.00%,TavaJa00
214,Jaylen Watson,KAN,24,CB,16,6,1,71,46,64.80%,515,11.2,7.3,5,103.9,10,368,147,4,0,0,0,0,49,5,9.30%,WatsJa02
215,Rock Ya-Sin,LVR,26,CB,11,9,0,69,42,60.90%,414,9.9,6,1,82.6,8.1,243,171,2,0,1,0,1,45,6,11.80%,Ya-SRo00
216,Julian Blackmon,IND,24,S,14,11,1,39,33,84.60%,453,13.7,11.6,4,138.6,8.7,250,203,8,1,0,1,2,50,9,15.30%,BlacJu01
217,Kendall Fuller,WAS,27,CB,17,17,3,74,41,55.40%,590,14.4,8,5,87.1,11.8,396,194,2,0,0,0,0,52,5,8.80%,FullKe00
218,Matt Judon*,NWE,30,LB,17,15,0,11,7,63.60%,47,6.7,4.3,0,72.9,1.2,0,47,35,13,12,15.5,42,60,1,1.60%,JudoMa00
219,Derion Kendrick,LAR,22,CB,15,6,0,59,40,67.80%,517,12.9,8.8,2,106.4,10.3,333,184,0,0,0,0,0,43,1,2.30%,KendDe00
220,Micah McFadden,NYG,22,LB,17,7,0,23,20,87.00%,211,10.6,9.2,1,119.4,2.9,61,150,24,1,0,2,3,59,3,4.80%,McFaMi01
221,Amani Oruwariye,DET,26,CB,14,5,0,50,32,64.00%,448,14,9,2,106.1,10.4,340,108,0,0,0,0,0,44,3,6.40%,OruwAm00
222,Sione Takitaki,CLE,27,LB,12,8,0,29,26,89.70%,215,8.3,7.4,0,97.6,2.7,75,140,20,2,0,1,3,71,6,7.80%,TakiSi00
223,AJ Terrell,ATL,24,CB,14,14,0,75,42,56.00%,478,11.4,6.4,6,102,11.3,355,123,1,0,0,0,0,47,7,13.00%,TerrAJ00
224,Josh Allen,JAX,25,OLB,17,17,0,17,9,52.90%,130,14.4,7.6,2,117.3,3.8,51,79,30,15,18,7,40,57,2,3.40%,AlleJo03
225,Eli Apple,CIN,27,CB,15,15,0,79,45,57.00%,657,14.6,8.3,3,96.9,13.1,464,193,4,0,0,0,0,49,7,12.50%,ApplEl00
226,Anthony Barr,DAL,30,LB,14,10,0,24,20,83.30%,200,10,8.3,0,101.4,4.3,74,126,23,3,3,1,7,58,3,4.90%,BarrAn00
227,Kristian Fulton,TEN,24,CB,11,11,1,63,33,52.40%,421,12.8,6.7,3,82.8,11.1,265,156,1,0,0,0,0,48,6,11.10%,FultKr00
228,Alohi Gilman,LAC,25,S,17,5,1,22,15,68.20%,320,21.3,14.5,0,92,13.5,226,94,0,0,0,0,0,58,3,4.90%,GilmAl00
229,Xavien Howard*,MIA,29,CB,15,15,1,84,50,59.50%,779,15.6,9.3,4,101.2,11.2,420,359,3,0,0,0,0,45,7,13.50%,HowaXa00
230,Mike Hughes,DET,25,CB,16,6,0,56,41,73.20%,528,12.9,9.4,4,126.2,10.1,331,197,14,2,2,0,4,51,4,7.30%,HughMi00
231,Dexter Lawrence*,NYG,25,DL,16,16,0,3,1,33.30%,6,6,2,0,42.4,-0.3,2,4,0,8,19,7.5,36,68,1,1.40%,LawrDe03
232,Nick McCloud,NYG,24,CB,14,8,0,48,26,54.20%,285,11,5.9,3,92.8,10.2,192,93,13,0,0,1.5,2,43,3,6.50%,McClNi00
233,Jabrill Peppers,NWE,27,DB,17,5,0,24,20,83.30%,157,7.9,6.5,1,107.8,2.9,60,97,11,0,0,0,0,60,1,1.60%,PeppJa00
234,Marcus Peters,BAL,29,CB,13,13,1,84,54,64.30%,711,13.2,8.5,7,113.7,9.4,475,236,3,1,0,1,2,47,6,11.30%,PeteMa00
235,Haason Reddick*,PHI,28,LB,17,17,0,12,7,58.30%,87,12.4,7.3,0,80.9,3.3,38,49,77,13,10,16,41,49,5,9.30%,ReddHa00
236,Derek Stingley Jr.,HOU,21,DB,9,9,1,54,34,63.00%,409,12,7.6,0,78.4,9.9,288,121,0,0,0,1,1,43,2,4.40%,StinDe00
237,Cameron Sutton,PIT,27,CB,16,15,3,73,35,47.90%,388,11.1,5.3,4,65.3,11.2,270,118,3,2,0,0,2,43,5,10.40%,SuttCa00
238,Joe Thomas,CHI,31,LB,15,9,0,16,14,87.50%,113,8.1,7.1,1,116.9,3.2,43,70,12,0,0,1,1,61,7,10.30%,ThomJo04
239,Darious Williams,JAX,29,CB,17,12,0,91,46,50.50%,455,9.9,5,1,68.7,8.9,187,268,2,1,0,0,1,53,7,11.70%,WillDa09
240,Quinnen Williams*+,NYJ,25,DT,16,16,0,2,1,50.00%,7,7,3.5,0,58.3,-3.5,-3,10,0,2,16,12,31,55,2,3.50%,WillQu00
241,Brian Burns*,CAR,24,DE,16,16,0,12,6,50.00%,46,7.7,3.8,0,59.7,2.1,8,38,29,8,9,12.5,30,63,4,6.00%,BurnBr00
242,Bryce Callahan,LAC,31,CB,15,11,3,54,35,64.80%,370,10.6,6.9,3,80,7.6,193,177,16,4,2,0,6,47,7,13.00%,CallBr00
243,Sam Hubbard,CIN,27,DE,15,15,0,6,5,83.30%,35,7,5.8,0,91,1.2,9,26,1,9,15,6.5,32,60,4,6.30%,HubbSa00
244,Aidan Hutchinson,DET,22,DL,17,17,3,5,4,80.00%,30,7.5,6,0,52.1,3.6,8,22,9,14,5,9.5,30,52,3,5.50%,HutcAi00
245,Marcus Jones+,NWE,24,DB,15,4,2,41,24,58.50%,361,15,8.8,1,75.4,14.8,271,90,0,1,0,0,1,39,2,4.90%,JoneMa06
246,Jason Pinnock,NYG,23,S,14,5,0,14,11,78.60%,170,15.5,12.1,1,141.1,14.2,114,56,33,1,2,1.5,5,41,0,0.00%,PinnJa01
247,Benjamin St-Juste,WAS,25,CB,12,12,0,65,31,47.70%,466,15,7.2,3,87.1,12.5,325,141,6,0,1,2,3,42,4,8.70%,StJuBe00
248,Geno Stone,BAL,23,S,17,7,0,22,15,68.20%,239,15.9,10.9,0,104.2,10.1,177,62,1,0,0,0,0,38,4,9.50%,StonGe00
249,Rodney Thomas II,IND,24,DB,17,10,4,31,18,58.10%,296,16.4,9.5,4,90.3,16.1,201,95,3,0,0,0,0,52,5,8.80%,ThomRo07
250,Anthony Brown,DAL,29,CB,12,12,0,87,46,52.90%,589,12.8,6.8,4,89.7,11.7,412,177,1,0,0,0,0,42,7,14.30%,BrowAn02
251,Jaylon Jones,CHI,25,DB,16,4,0,44,29,65.90%,346,11.9,7.9,1,97.3,9.1,191,155,2,0,0,0,0,47,5,9.60%,JoneJa12
252,Khalil Mack*,LAC,31,OLB,17,17,0,5,4,80.00%,9,2.3,1.8,0,79.2,0,3,6,46,6,4,8,18,50,4,7.40%,MackKh00
253,Kayvon Thibodeaux,NYG,22,OLB,14,14,0,5,2,40.00%,20,10,4,0,52.1,5.4,14,6,49,4,10,4,18,49,0,0.00%,ThibKa00
254,Levi Wallace,PIT,27,CB,15,9,4,77,41,53.20%,650,15.9,8.4,3,73,13,424,226,0,0,0,0,0,48,4,7.70%,WallLe00
255,Deatrich Wise Jr.,NWE,28,DL,17,16,0,1,1,100.00%,8,8,8,0,100,2,2,6,2,16,4,7.5,28,59,2,3.30%,WiseDe00
256,Donte Jackson,CAR,27,CB,9,9,2,49,37,75.50%,340,9.2,6.9,2,90.5,8.9,255,85,0,0,0,0,0,35,1,2.80%,JackDo02
257,Josh Metellus,MIN,24,S,17,3,1,19,13,68.40%,133,10.2,7,1,83.9,11.7,102,31,2,0,0,0,0,42,2,4.50%,MeteJo00
258,Ogbonnia Okoronkwo,HOU,27,DL,17,8,0,1,1,100.00%,30,30,30,0,118.7,4,4,26,1,6,6,5,17,44,0,0.00%,OkorOg00
259,Kwity Paye,IND,24,DE,12,12,0,4,3,75.00%,8,2.7,2,0,77.1,-3.8,-10,18,0,9,4,6,19,45,1,2.20%,PayeKw00
260,Daron Payne*,WAS,25,DT,17,17,0,1,1,100.00%,-3,-3,-3,0,79.2,-5,-5,2,1,5,8,11.5,25,64,5,7.20%,PaynDa00
261,Za'Darius Smith*,MIN,30,OLB,16,16,0,5,4,80.00%,31,7.8,6.2,0,92.5,0,0,31,37,11,15,10,37,44,5,10.20%,SmitZa00
262,Leonard Floyd,LAR,30,LB,17,17,0,13,10,76.90%,132,13.2,10.2,0,108.5,2.8,19,113,51,11,11,9,31,59,4,6.30%,FloyLe00
263,Rudy Ford,GNB,28,S,17,6,3,20,13,65.00%,242,18.6,12.1,3,106.7,12.9,177,65,0,0,0,0,0,44,4,8.30%,FordRu00
264,Terrance Mitchell,TEN,30,DB,11,5,1,55,35,63.60%,460,13.1,8.4,2,94.5,8.9,317,143,0,0,0,0,0,39,2,4.90%,MitcTe00
265,Greg Newsome II,CLE,22,CB,15,15,0,69,40,58.00%,406,10.2,5.9,2,84.6,8.1,213,193,9,0,0,0.5,1,42,5,10.60%,NewsGr00
266,Brandon Stephens,BAL,25,DB,15,4,0,59,37,62.70%,410,11.1,6.9,1,88.9,10.6,336,74,1,0,0,0.5,1,37,4,9.80%,StepBr01
267,Josh Sweat,PHI,25,DE,16,16,1,4,4,100.00%,36,9,9,0,64.6,4.5,18,18,3,5,9,11,27,48,3,5.90%,SweaJo00
268,Derrick Brown,CAR,24,DT,17,17,1,1,0,0.00%,0,,0,0,0,-5,0,0,0,5,10,1,17,67,2,2.90%,BrowDe05
269,Akeem Davis-Gaither,CIN,25,LB,16,1,0,19,16,84.20%,171,10.7,9,0,104.2,3.1,36,135,10,0,0,0,0,46,3,6.10%,DaviAk01
270,Carl Granderson,NOR,26,DE,16,4,0,1,1,100.00%,8,8,8,0,100,-4,-4,12,0,4,1,5.5,13,53,1,1.90%,GranCa01
271,B.J. Hill,CIN,27,DT,16,16,0,2,2,100.00%,5,2.5,2.5,0,79.2,-4.5,-9,14,0,3,9,3,16,68,1,1.40%,HillB.00
272,Grady Jarrett,ATL,29,DL,17,17,0,4,3,75.00%,22,7.3,5.5,0,87.5,-3.5,-6,28,0,4,11,6,22,61,1,1.60%,JarrGr00
273,Chris Jones*+,KAN,28,DT,17,17,0,5,4,80.00%,47,11.8,9.4,0,105.8,-4.2,-23,70,9,16,13,15.5,46,44,1,2.20%,JoneCh09
274,Lamarcus Joyner,NYJ,32,S,14,14,3,31,21,67.70%,418,19.9,13.5,4,110.6,18.5,316,102,6,1,2,0,3,57,3,5.00%,JoynLa00
275,Luke Masterson,LVR,24,LB,17,7,0,15,14,93.30%,125,8.9,8.3,2,141,3.8,47,78,3,0,1,0,1,59,2,3.30%,MastLu00
276,Odafe Oweh,BAL,24,OLB,17,6,0,12,8,66.70%,76,9.5,6.3,0,84,2.1,15,61,10,8,4,3,16,43,6,12.20%,OwehJa00
277,M.J. Stewart,HOU,27,DB,17,0,0,12,8,66.70%,67,8.4,5.6,0,80.9,8.1,24,43,2,0,1,0,1,41,0,0.00%,StewM.00
278,Kyle Van Noy,LAC,31,OLB,17,13,0,15,10,66.70%,88,8.8,5.9,1,104.3,1.5,-5,93,29,4,5,5,14,46,2,4.20%,VanNKy00
279,J.J. Watt,ARI,33,DE,16,16,0,1,1,100.00%,0,0,0,0,79.2,-6,-6,6,0,6,12,12.5,31,39,1,2.50%,WattJ.00
280,K'Waun Williams,DEN,31,CB,14,8,1,52,31,59.60%,319,10.3,6.1,0,69.3,5.6,136,183,22,2,1,1,4,44,6,12.00%,WillKW00
281,Chidobe Awuzie,CIN,27,CB,8,8,0,50,19,38.00%,236,12.4,4.7,0,53.4,14.5,220,16,1,0,0,0,0,35,3,7.90%,AwuzCh00
282,Jayon Brown,LVR,27,LB,8,6,0,34,29,85.30%,311,10.7,9.1,0,104.8,4.5,117,194,9,0,1,0,1,45,2,4.30%,BrowJa06
283,Lorenzo Carter,ATL,27,OLB,17,17,1,19,14,73.70%,87,6.2,4.6,1,78.2,-1.1,-9,96,11,3,7,4,15,58,1,1.70%,CartLo01
284,Damone Clark,DAL,22,LB,10,5,0,15,13,86.70%,116,8.9,7.7,2,138.5,2.2,25,91,8,0,0,0,0,47,0,0.00%,ClarDa02
285,Kaiir Elam,BUF,21,CB,13,6,2,47,33,70.20%,363,11,7.7,3,96.3,9.8,248,115,0,0,0,0,0,41,4,8.90%,ElamKa00
286,Tony Fields,CLE,23,LB,17,6,1,12,9,75.00%,52,5.8,4.3,0,47.9,3.5,9,43,7,1,0,0,1,48,4,7.70%,FielTo00
287,Darren Hall,ATL,22,CB,17,9,0,37,26,70.30%,317,12.2,8.6,2,114.4,10.5,212,105,0,0,0,0,0,45,3,6.30%,HallDa03
288,Xavier McKinney,NYG,23,S,9,9,0,23,12,52.20%,185,15.4,8,1,93.6,14.7,130,55,28,2,0,1,3,45,2,4.30%,McKiXa00
289,Byron Murphy,ARI,24,CB,9,9,0,58,37,63.80%,346,9.4,6,4,103.1,6.4,156,190,8,1,0,0.5,2,36,3,7.70%,MurpBy00
290,Jacob Phillips,CLE,23,LB,7,4,0,21,15,71.40%,168,11.2,8,0,94.9,4.2,51,117,7,1,1,2,4,46,1,2.10%,PhilJa01
291,Jarran Reed,GNB,30,DT,17,14,0,1,1,100.00%,10,10,10,0,108.3,-5,-5,15,2,5,10,2.5,18,52,2,3.70%,ReedJa02
292,Amik Robertson,LVR,24,CB,17,7,2,64,39,60.90%,545,14,8.5,4,96.2,11.3,347,198,10,1,0,1,2,38,3,7.30%,RobeAm00
293,Bradley Roby,NOR,30,CB,13,10,0,63,34,54.00%,409,12,6.5,1,79.4,9,234,175,8,1,0,0,1,36,8,18.20%,RobyBr00
294,Joshua Williams,KAN,23,DB,17,4,1,50,28,56.00%,374,13.4,7.5,5,104.9,8.8,256,118,4,1,0,0,1,40,5,11.10%,WillJo03
295,Darnay Holmes,NYG,24,CB,15,2,0,67,41,61.20%,435,10.6,6.5,1,85.1,9,217,218,22,3,1,0,4,38,3,7.30%,HolmDa01
296,Jaylon Johnson,CHI,23,DB,11,11,0,51,30,58.80%,452,15.1,8.9,1,94.6,11.4,253,199,2,0,0,0,0,35,5,12.50%,JohnJa13
297,Justin Jones,CHI,26,DL,17,17,0,2,2,100.00%,21,10.5,10.5,0,110.4,-3.5,-7,28,0,4,2,3,9,52,2,3.70%,JoneJu03
298,Cory Littleton,CAR,29,LB,15,7,0,12,8,66.70%,52,6.5,4.3,1,103.5,4.1,22,30,9,1,1,0.5,3,47,3,6.00%,LittCo01
299,Avonte Maddox,PHI,26,CB,9,8,1,37,24,64.90%,288,12,7.8,0,77.3,4.6,103,185,7,0,1,1,2,43,5,10.40%,MaddAv00
300,Boye Mafe,SEA,24,LB,17,3,0,15,12,80.00%,122,10.2,8.1,1,122.8,4.1,11,111,16,4,1,3,8,41,3,6.80%,MafeBo00
301,Trent McDuffie,KAN,22,CB,11,11,0,51,27,52.90%,253,9.4,5,3,86.5,11.1,163,90,13,0,1,1,2,44,2,4.30%,McDuTr00
302,Chad Muma,JAX,23,LB,16,2,0,19,13,68.40%,172,13.2,9.1,1,114.4,7.9,94,78,4,1,1,1.5,4,47,2,4.10%,MumaCh00
303,Harrison Phillips,MIN,26,DL,17,17,0,1,1,100.00%,0,0,0,0,79.2,-3,-3,3,0,5,4,1.5,11,59,2,3.30%,PhilHa00
304,Roy Robertson-Harris,JAX,29,DL,17,17,0,0,0,,0,,,0,,,0,0,1,2,8,3,13,45,2,4.30%,RobeRo00
305,Jihad Ward,NYG,28,OLB,17,11,0,7,4,57.10%,25,6.3,3.6,0,64.6,1.6,8,17,29,1,11,3,15,43,2,4.40%,WardJi02
306,Derrick Barnes,DET,23,LB,15,4,0,12,9,75.00%,72,8,6,0,89.6,2.2,19,53,16,1,0,1,2,47,2,4.10%,BarnDe02
307,Kenny Clark,GNB,27,DL,17,17,0,0,0,,0,,,0,,,0,0,2,7,6,4,17,53,3,5.40%,ClarKe01
308,Maliek Collins,HOU,27,DL,15,15,0,0,0,,0,,,0,,,0,0,0,1,7,3.5,12,37,0,0.00%,CollMa00
309,Aaron Donald*,LAR,31,DT,11,11,0,2,1,50.00%,5,5,2.5,0,56.2,-2.5,-2,7,0,5,6,5,16,49,2,3.90%,DonaAa00
310,Rasheem Green,HOU,25,DL,16,5,0,0,0,,0,,,0,,,0,0,0,5,2,3.5,12,42,2,4.50%,GreeRa01
311,DaVon Hamilton,JAX,25,DT,17,14,0,2,1,50.00%,14,14,7,0,72.9,4.5,2,12,1,2,3,2.5,8,56,5,8.20%,HamiDa02
312,Tre Herndon,JAX,26,CB,15,1,0,43,31,72.10%,411,13.3,9.6,2,117.5,10.3,305,106,2,0,1,0,1,36,2,5.30%,HernTr00
313,Sebastian Joseph-Day,LAC,27,DT,16,16,1,3,2,66.70%,0,0,0,0,30.6,-3,-6,6,0,2,4,2,8,56,2,3.40%,JoseSe00
314,Isaiah McDuffie,GNB,23,LB,17,1,0,12,9,75.00%,73,8.1,6.1,1,117.7,4.4,31,42,4,0,0,0,0,43,1,2.30%,McDuIs00
315,Osa Odighizuwa,DAL,24,DT,17,17,0,0,0,,0,,,0,,,0,0,0,2,5,4,11,43,1,2.30%,OdigOs00
316,Gregory Rousseau,BUF,22,DE,13,13,0,3,3,100.00%,5,1.7,1.7,0,79.2,-4,-12,17,2,4,5,8,18,37,2,5.10%,RousGr00
317,Montez Sweat,WAS,26,DE,17,17,0,3,3,100.00%,25,8.3,8.3,0,101.4,1.3,4,21,1,4,19,8,31,46,1,2.10%,SweaMo00
318,T.J. Watt*,PIT,28,LB,10,10,2,3,3,100.00%,24,8,8,0,60.4,2.3,7,17,36,2,4,5.5,13,39,3,7.10%,WattT.00
319,Andrew Wingard,JAX,26,S,17,3,1,9,5,55.60%,38,7.6,4.2,0,26.4,8.6,30,8,7,2,1,0,3,37,1,2.60%,WingAn01
320,D.J. Wonnum,MIN,25,OLB,16,1,0,5,4,80.00%,40,10,8,0,100,-0.2,-6,46,11,3,5,4,13,38,3,7.30%,WonnDJ00
321,Al Woods,SEA,35,DT,14,14,0,1,1,100.00%,4,4,4,0,83.3,-2,-2,6,0,2,1,2,5,39,2,4.90%,WoodAl99
322,Tae Crowder,NYG,25,LB,13,8,0,21,13,61.90%,162,12.5,7.7,1,101.7,3.6,56,106,30,2,1,1,4,45,9,16.70%,CrowTa00
323,Brandon Facyson,IND,28,CB,16,4,0,42,29,69.00%,326,11.2,7.8,1,99.9,10.5,237,89,0,0,0,0,0,28,5,15.20%,FacyBr00
324,Jonas Griffith,DEN,25,LB,9,8,1,24,18,75.00%,151,8.4,6.3,1,87.3,3.7,58,93,10,2,3,0,5,46,2,4.20%,GrifJo01
325,Chris Harris Jr.,NOR,33,DB,10,4,0,34,26,76.50%,278,10.7,8.2,1,109.7,6.5,166,112,14,1,0,1,2,29,2,6.50%,HarrCh01
326,DeAndre Houston-Carson,CHI,29,DB,17,6,1,17,9,52.90%,120,13.3,7.1,0,51.1,9.6,51,69,8,0,0,0,0,45,3,6.30%,HousDe00
327,Brandon Jones,MIA,24,S,7,7,0,32,20,62.50%,183,9.2,5.7,0,78,7,74,109,21,1,0,2,3,49,4,7.50%,JoneBr06
328,Justin Madubuike,BAL,25,DT,17,16,0,1,1,100.00%,0,0,0,0,79.2,-6,-6,6,0,4,3,5.5,13,42,6,12.50%,MaduJu00
329,Raekwon McMillan,NWE,27,LB,16,1,0,19,14,73.70%,135,9.6,7.1,0,93.1,6.2,46,89,7,1,0,1,2,35,3,7.90%,McMiRa02
330,Jalen Mills,NWE,28,CB,10,10,2,46,28,60.90%,378,13.5,8.2,2,83.4,11.2,255,123,1,0,1,0,1,31,2,6.10%,MillJa02
331,Anthony Nelson,TAM,25,OLB,17,8,0,9,7,77.80%,44,6.3,4.9,0,87,1.2,10,34,17,3,1,5.5,10,46,1,2.10%,NelsAn01
332,Shy Tuttle,NOR,27,DT,17,14,0,1,1,100.00%,7,7,7,0,95.8,-4,-4,11,0,0,0,2,3,49,1,2.00%,TuttSh00
333,Sam Webb,LVR,24,CB,17,3,0,44,31,70.50%,337,10.9,7.7,1,100.3,8.6,202,135,3,0,0,0,0,36,2,5.30%,WebbSa00
334,Leonard Williams,NYG,28,DL,12,12,0,1,1,100.00%,46,46,46,0,118.7,-3,-3,49,0,6,8,2.5,17,45,0,0.00%,WillLe02
335,Frank Clark,KAN,29,DE,15,15,0,8,5,62.50%,27,5.4,3.4,0,68.2,0,-16,43,12,10,8,5,24,39,3,7.10%,ClarFr01
336,Dee Delaney,TAM,27,DB,17,1,0,15,14,93.30%,77,5.5,5.1,1,110.3,1.6,21,56,9,0,0,0,0,29,3,9.40%,DelaDe00
337,Carlos Dunlap,KAN,33,DE,17,2,0,2,1,50.00%,-1,-1,-0.5,0,56.2,-4,-2,1,9,7,8,4,20,39,0,0.00%,DunlCa99
338,Davon Godchaux,NWE,28,DT,17,17,0,1,0,0.00%,0,,0,0,39.6,1,0,0,0,2,1,1.5,5,62,2,3.10%,GodcDa00
339,Deion Jones,CLE,28,MLB,11,5,1,24,15,62.50%,170,11.3,7.1,1,80.2,2.2,43,127,9,0,0,2.5,3,44,4,8.30%,JoneDe01
340,Jack Jones,NWE,25,DB,13,2,2,37,20,54.10%,357,17.9,9.6,0,64.8,12.2,190,167,0,0,0,0,0,30,3,9.10%,JoneJa10
341,Larry Ogunjobi,PIT,28,DT,16,16,0,0,0,,0,,,0,,,0,0,0,0,9,1.5,11,48,2,4.00%,OgunLa00
342,Isaiah Oliver,ATL,26,CB,12,5,1,42,29,69.00%,267,9.2,6.4,0,76.2,7.3,98,169,3,0,1,1,2,37,3,7.50%,OlivIs00
343,David Onyemata,NOR,30,DT,17,17,0,2,2,100.00%,10,5,5,0,87.5,-1.5,-3,13,0,3,4,5,13,43,3,6.50%,OnyeDa00
344,Sheldon Rankins,NYJ,28,DT,15,15,0,0,0,,0,,,0,,,0,0,0,4,4,3,11,43,2,4.40%,RankSh00
345,Duke Riley,MIA,28,LB,17,2,0,30,21,70.00%,160,7.6,5.3,2,104.9,4.2,77,83,16,1,0,1,2,45,1,2.20%,RileDu00
346,Jeffery Simmons*,TEN,25,DT,15,15,0,4,3,75.00%,2,0.7,0.5,0,77.1,-2.5,-7,9,1,8,5,7.5,21,54,5,8.50%,SimmJe01
347,Roderic Teamer,LVR,25,S,17,3,0,25,19,76.00%,166,8.7,6.6,2,119.7,4,55,111,8,1,0,0,1,40,2,4.80%,TeamRo00
348,Broderick Washington Jr.,BAL,26,DT,17,9,0,0,0,,0,,,0,,,0,0,0,1,3,1,5,49,2,3.90%,WashBr01
349,Dane Belton,NYG,22,S,15,5,2,31,20,64.50%,272,13.6,8.8,0,65.5,9.7,122,150,16,1,1,0,2,31,3,8.80%,BeltDa00
350,Morgan Fox,LAC,28,DL,17,12,0,0,0,,0,,,0,,,0,0,3,4,5,6.5,16,38,0,0.00%,FoxxMo00
351,William Gholston,TAM,31,DL,17,9,0,2,1,50.00%,2,2,1,1,95.8,-1,2,0,0,0,5,0,5,49,1,2.00%,GholWi00
352,Shelby Harris,SEA,31,DE,15,15,0,0,0,,0,,,0,,,0,0,0,2,4,2,8,44,4,8.30%,HarrSh00
353,Dre'Mont Jones,DEN,25,DE,13,13,0,0,0,,0,,,0,,,0,0,1,4,5,6.5,16,47,1,2.10%,JoneDr00
354,Joshua Kalu,TEN,27,DB,16,5,1,35,24,68.60%,268,11.2,7.7,2,98.3,9.6,173,95,11,0,0,0,0,42,2,4.50%,KaluJo00
355,Isaiah Rodgers,IND,24,CB,15,9,0,29,17,58.60%,192,11.3,6.6,3,113,11,87,105,0,0,0,0,0,34,1,2.90%,RodgIs00
356,Logan Ryan,TAM,31,S,9,6,1,21,12,57.10%,160,13.3,7.6,2,93.4,13.1,122,38,4,1,0,0,1,37,3,7.50%,RyanLo00
357,Keith Taylor,CAR,24,CB,17,2,0,35,24,68.60%,426,17.8,12.2,2,129,11.5,316,110,1,0,0,0,0,29,3,9.40%,TaylKe03
358,Andrew Van Ginkel,MIA,27,LB,17,5,1,16,14,87.50%,75,5.4,4.7,0,60.2,-0.5,-11,86,25,4,3,0.5,8,47,3,6.00%,VanGAn00
359,Travon Walker,JAX,22,OLB,15,14,1,10,5,50.00%,58,11.6,5.8,0,28.3,2.6,18,40,20,10,7,3.5,21,49,5,9.30%,WalkTr03
360,Zach Allen,ARI,25,DE,13,13,0,3,3,100.00%,17,5.7,5.7,0,90.3,-1.3,-4,21,7,7,12,5.5,25,47,2,4.10%,AlleZa01
361,Tre Avery,TEN,25,CB,14,3,0,44,21,47.70%,268,12.8,6.1,3,90,11.5,214,54,0,0,0,0,0,29,0,0.00%,AverTr01
362,Jonathon Cooper,DEN,24,OLB,14,9,0,11,9,81.80%,57,6.3,5.2,0,88.3,0.4,-2,59,16,2,4,2,8,48,0,0.00%,CoopJo02
363,Fletcher Cox,PHI,32,DT,17,17,0,1,1,100.00%,5,5,5,0,87.5,-4,-4,9,1,9,8,7,25,43,1,2.30%,CoxxFl00
364,Shaquill Griffin,JAX,27,CB,5,5,0,32,21,65.60%,252,12,7.9,2,110.4,10.3,180,72,0,0,0,0,0,29,2,6.50%,GrifSh00
365,Darius Harris,KAN,26,LB,17,4,0,21,14,66.70%,135,9.6,6.4,2,116.2,3,27,108,18,0,0,1.5,2,43,1,2.30%,HarrDa07
366,Michael Hoecht,LAR,25,DT,17,6,0,1,1,100.00%,17,17,17,0,118.7,2,2,15,4,3,4,4.5,12,36,2,5.30%,HoecMi00
367,Josh Jones,SEA,28,S,12,3,0,20,12,60.00%,251,20.9,12.6,1,120.8,11.3,101,150,4,0,1,0,1,28,8,22.20%,JoneJo06
368,Dean Lowry,GNB,28,DL,15,12,0,1,0,0.00%,0,,0,0,39.6,0,0,0,2,1,4,0.5,6,43,1,2.30%,LowrDe00
369,Duke Shelley,MIN,26,CB,11,5,1,46,21,45.70%,266,12.7,5.8,0,55.2,12.6,209,57,0,0,0,0,0,31,1,3.10%,ShelDu00
370,Tavierre Thomas,HOU,26,DB,10,6,0,29,18,62.10%,132,7.3,4.6,0,72.8,6.2,69,63,13,0,0,0,0,41,3,6.80%,ThomTa01
371,Joe Tryon-Shoyinka,TAM,23,OLB,17,16,0,24,14,58.30%,109,7.8,4.5,1,83.5,1.2,-2,111,35,8,9,4,22,40,2,4.80%,TryoJo00
372,Josh Uche,NWE,24,LB,15,0,0,4,4,100.00%,56,14,14,0,118.7,2.8,11,45,6,10,3,11.5,25,27,0,0.00%,UcheJo00
373,DeMarcus Walker,TEN,28,DL,17,6,0,1,0,0.00%,0,,0,0,39.6,10,0,0,1,2,7,7,17,32,4,11.10%,WalkDe03
374,Damien Wilson,CAR,29,LB,17,5,0,8,8,100.00%,77,9.6,9.6,0,106.8,2.5,20,57,6,1,0,2,3,38,2,5.00%,WilsDa02
375,Cornell Armstrong,ATL,27,DB,9,4,0,43,24,55.80%,310,12.9,7.2,2,94.1,12.1,226,84,0,0,0,0,0,33,1,2.90%,ArmsCo00
376,Micheal Clemons,NYJ,25,DT,16,0,0,0,0,,0,,,0,,,0,0,0,2,2,2.5,7,36,1,2.70%,ClemMi03
377,Bryan Cook,KAN,23,S,16,1,0,20,14,70.00%,186,13.3,9.3,3,138.7,11,150,36,7,0,2,1,3,33,3,8.30%,CookBr02
378,Tyrel Dodson,BUF,24,LB,16,3,0,14,12,85.70%,130,10.8,9.3,0,105.4,3.6,35,95,8,1,1,1,3,32,4,11.10%,DodsTy01
379,Poona Ford,SEA,27,DT,17,16,0,2,2,100.00%,-3,-1.5,-1.5,0,79.2,-1,-2,-1,0,0,4,3,7,35,1,2.80%,FordPo00
380,Dante Fowler,DAL,28,DE,17,0,0,3,3,100.00%,39,13,13,0,118.7,7.7,23,16,4,11,4,6,21,27,0,0.00%,FowlDa00
381,Dennis Gardeck,ARI,28,OLB,14,3,1,10,9,90.00%,77,8.6,7.7,0,59.2,1.6,22,55,17,3,3,1,7,31,2,6.10%,GardDe01
382,Markus Golden,ARI,31,OLB,17,14,0,8,5,62.50%,40,8,5,0,75,-1.6,-1,41,54,4,15,2.5,22,48,1,2.00%,GoldMa00
383,Trey Hendrickson*,CIN,28,DE,15,15,0,8,5,62.50%,31,6.2,3.9,1,109.9,0.1,-2,33,0,10,16,8,35,32,3,8.60%,HendTr00
384,D.J. Jones,DEN,27,DT,15,15,0,2,2,100.00%,30,15,15,0,118.7,-4.5,-9,39,0,4,2,2,8,34,4,10.50%,JoneD.01
385,DaQuan Jones,BUF,31,DT,16,16,0,0,0,,0,,,0,,,0,0,0,3,8,2,14,38,4,9.50%,JoneDa04
386,A'Shawn Robinson,LAR,27,DT,10,10,0,0,0,,0,,,0,,,0,0,0,1,3,0,4,42,2,4.50%,RobiAS00
387,Khalen Saunders,KAN,26,DT,16,0,0,3,3,100.00%,21,7,7,0,95.8,1.7,5,16,0,1,4,3.5,9,48,1,2.00%,SaunKh00
388,Darrell Taylor,SEA,25,LB,16,3,0,6,4,66.70%,46,11.5,7.7,0,89.6,2.2,9,37,19,6,4,9.5,20,26,3,10.30%,TaylDa00
389,Isaiah Buggs,DET,26,DL,17,13,0,0,0,,0,,,0,,,0,0,0,2,8,1,11,46,2,4.20%,BuggIs00
390,Arnold Ebiketie,ATL,23,OLB,16,1,0,8,5,62.50%,46,9.2,5.8,0,78.1,0.6,-11,57,9,4,8,2.5,15,30,0,0.00%,EbikAr00
391,Samson Ebukam,SFO,27,DE,15,15,0,5,3,60.00%,16,5.3,3.2,1,105,-2.6,-5,21,10,2,7,5,15,36,1,2.70%,EbukSa00
392,Rashad Fenton,2TM,25,CB/DB,7,6,0,28,23,82.10%,330,14.3,11.8,1,127.7,8.7,188,142,6,1,0,0,1,28,4,12.50%,FentRa00
393,Rashan Gary,GNB,25,LB,9,9,0,1,1,100.00%,4,4,4,0,83.3,-2,-2,6,28,5,6,6,17,32,1,3.00%,GaryRa00
394,Jerry Hughes,HOU,34,DL,17,16,1,6,5,83.30%,47,9.4,7.8,0,59.7,-4,-18,65,1,7,3,9,19,35,6,14.60%,HughJe99
395,Chandler Jones,LVR,32,DE,15,15,0,5,3,60.00%,17,5.7,3.4,0,66.2,0.4,0,17,24,4,9,4.5,19,38,4,9.50%,JoneCh03
396,James Pierre,PIT,26,CB,17,2,1,31,13,41.90%,181,13.9,5.8,1,58.7,10.9,113,68,1,0,0,0,0,29,0,0.00%,PierJa01
397,Mike Purcell,DEN,31,DL,17,4,0,1,1,100.00%,6,6,6,1,131.2,-4,-4,10,0,2,3,1.5,7,45,2,4.30%,PurcMi00
398,Eric Stokes,GNB,23,CB,9,9,0,25,20,80.00%,261,13.1,10.4,1,123.5,12.5,186,75,1,0,0,0,0,26,2,7.10%,StokEr00
399,Kindle Vildor,CHI,25,DB,11,9,1,38,25,65.80%,345,13.8,9.1,3,110.1,8.4,203,142,0,0,0,0,0,34,2,5.60%,VildKi00
400,K'Von Wallace,PHI,25,S,17,1,0,12,8,66.70%,121,15.1,10.1,1,127.4,9.3,66,55,1,0,0,0,0,28,1,3.40%,WallKV00
401,DeShawn Williams,DEN,30,DL,17,15,0,3,2,66.70%,15,7.5,5,0,78.5,-5.7,-13,28,0,2,3,4.5,10,37,2,5.10%,WillDe04
402,Azeez Al-Shaair,SFO,25,LB,12,9,0,16,12,75.00%,131,10.9,8.2,0,98.7,7.4,70,61,13,1,1,0,2,44,4,8.30%,AlShAz00
403,Shaquil Barrett,TAM,30,OLB,8,8,0,5,5,100.00%,36,7.2,7.2,0,96.7,1.4,7,29,14,8,5,3,16,31,0,0.00%,BarrSh00
404,Reed Blankenship,PHI,23,S,10,4,1,11,6,54.50%,71,11.8,6.5,1,66.9,8,33,38,0,0,0,0,0,34,1,2.90%,BlanRe00
405,Bradley Chubb*,2TM,26,OLB,16,15,0,7,3,42.90%,36,12,5.1,0,59.2,4,22,14,78,11,12,8,32,39,4,9.30%,ChubBr00
406,Keion Crossen,MIA,26,DB,16,2,0,34,19,55.90%,256,13.5,7.5,2,99.6,13.5,192,64,1,0,0,0,0,32,4,11.10%,CrosKe00
407,Tre Flowers,CIN,27,CB,15,0,1,18,12,66.70%,112,9.3,6.2,1,78.9,6.2,47,65,1,0,0,0,0,27,1,3.60%,FlowTr01
408,Malik Harrison,BAL,24,LB,17,8,0,11,10,90.90%,56,5.6,5.1,0,87.9,1.9,21,35,14,1,0,0,1,31,1,3.10%,HarrMa06
409,Marquis Haynes,CAR,29,DE,17,1,0,6,6,100.00%,22,3.7,3.7,0,81.9,-0.3,-2,24,0,4,7,5,16,29,1,3.30%,HaynMa01
410,Danny Johnson,WAS,27,CB,11,4,1,39,21,53.80%,167,8,4.3,0,54.1,8.4,115,52,6,0,0,1,1,29,0,0.00%,JohnDa09
411,Marshon Lattimore,NOR,26,CB,7,7,1,35,21,60.00%,228,10.9,6.5,0,67.3,9.9,132,96,0,0,0,0,0,29,0,0.00%,LattMa01
412,Roy Lopez,HOU,25,DL,17,14,0,1,0,0.00%,0,,0,0,39.6,-5,0,0,0,3,2,1,6,36,2,5.30%,LopeRo00
413,Ed Oliver,BUF,25,DT,13,13,0,0,0,,0,,,0,,,0,0,0,2,11,2.5,16,34,1,2.90%,OlivEd00
414,Jeremy Reaves*+,WAS,26,S,17,3,0,9,5,55.60%,36,7.2,4,0,65,6.3,22,14,3,0,0,0,0,33,1,2.90%,ReavJe00
415,Teair Tart,TEN,25,DT,16,16,1,2,1,50.00%,0,0,0,0,16.7,-2,-6,6,0,5,5,1.5,12,34,2,5.60%,TartTe00
416,Dalvin Tomlinson,MIN,28,DL,13,13,0,0,0,,0,,,0,,,0,0,0,4,7,2.5,14,42,0,0.00%,TomlDa00
417,Tanner Vallejo,ARI,28,LB,17,5,0,20,14,70.00%,202,14.4,10.1,1,119.2,3,32,170,5,0,2,0,2,37,6,14.00%,VallTa00
418,Josh Bynes,BAL,33,LB,7,7,1,14,8,57.10%,77,9.6,5.5,1,66.7,2.4,10,67,13,1,0,1,2,29,1,3.30%,ByneJo00
419,Blake Cashman,HOU,26,LB,16,1,0,5,3,60.00%,22,7.3,4.4,0,70.4,4,7,15,9,0,2,3,5,26,0,0.00%,CashBl00
420,Leo Chenal,KAN,22,LB,17,8,0,8,5,62.50%,77,15.4,9.6,0,94.3,1.5,9,68,13,0,2,1,3,35,5,12.50%,ChenLe00
421,Jordan Elliott,CLE,25,DT,17,17,0,1,0,0.00%,0,,0,0,39.6,-9,0,0,0,5,1,2,8,36,1,2.70%,ElliJo02
422,Akayleb Evans,MIN,23,CB,10,2,0,25,16,64.00%,252,15.8,10.1,1,110.7,13.6,185,67,0,0,0,0,0,23,1,4.20%,EvanAk00
423,Brandon Graham,PHI,34,DE,17,1,0,2,2,100.00%,2,1,1,0,79.2,-0.5,-1,3,15,4,4,11,21,35,0,0.00%,GrahBr99
424,Justin Hollins,2TM,26,,16,5,0,5,3,60.00%,10,3.3,2,0,64.6,-1.4,-13,23,30,4,3,3.5,11,35,1,2.80%,HollJu00
425,Shaq Lawson,BUF,28,DE,15,6,0,0,0,,0,,,0,,,0,0,0,2,5,3.5,11,31,0,0.00%,LawsSh00
426,Sean Murphy-Bunting,TAM,25,CB,12,5,2,41,21,51.20%,186,8.9,4.5,2,59.6,11.9,145,41,4,0,0,0,0,31,5,13.90%,BuntSe00
427,Rakeem Nunez-Roches,TAM,29,DL,17,10,0,1,1,100.00%,2,2,2,0,79.2,-6,-6,8,2,1,1,2,4,33,1,2.90%,NuneRa00
428,Adetokunbo Ogundeji,ATL,24,OLB,16,16,0,5,5,100.00%,27,5.4,5.4,1,128.7,-0.2,-1,28,3,1,0,2,3,42,1,2.30%,OgunAd01
429,Dominique Robinson,CHI,24,DL,17,7,0,1,1,100.00%,5,5,5,0,87.5,-5,-5,10,0,5,2,1.5,9,30,4,11.80%,RobiDo00
430,Josiah Scott,PHI,23,CB,16,4,2,32,22,68.80%,299,13.6,9.3,3,103.5,7.5,171,128,5,2,0,0,2,26,0,0.00%,ScotJo00
431,Milton Williams,PHI,23,DT,17,0,0,2,2,100.00%,4,2,2,0,79.2,-4,-8,12,1,1,2,4,7,36,0,0.00%,WillMi08
432,DeAundre Alford,ATL,25,CB,16,0,1,31,17,54.80%,198,11.6,6.4,1,71.7,11.6,148,50,6,1,0,0.5,2,25,2,7.40%,AlfoDe00
433,Markus Bailey,CIN,25,LB,16,1,0,2,2,100.00%,22,11,11,0,112.5,2.5,5,17,0,0,0,0,0,24,0,0.00%,BailMa01
434,Andrew Billings,LVR,27,DT,14,14,0,0,0,,0,,,0,,,0,0,0,0,1,1,3,39,2,4.90%,BillAn00
435,Calais Campbell,BAL,36,DE,14,14,0,0,0,,0,,,0,,,0,0,0,1,8,5.5,15,36,5,12.20%,CampCa99
436,John Cominsky,DET,27,DL,14,8,0,2,2,100.00%,28,14,14,0,118.7,-1,-2,30,0,5,8,4,17,30,0,0.00%,ComiJo00
437,Kingsley Enagbare,GNB,22,LB,17,7,0,5,4,80.00%,25,6.3,5,0,87.5,-0.8,1,24,30,4,5,3,12,31,1,3.10%,EnagKi00
438,Yetur Gross-Matos,CAR,24,DE,17,17,0,1,0,0.00%,0,,0,0,39.6,-3,0,0,0,1,7,2.5,11,54,0,0.00%,GrosYe00
439,Lawrence Guy,NWE,32,DL,14,14,0,1,1,100.00%,7,7,7,0,95.8,2,2,5,0,2,2,2,7,46,2,4.20%,GuyxLa00
440,Bruce Irvin,SEA,35,LB,11,10,0,3,3,100.00%,16,5.3,5.3,0,88.9,-0.7,-2,18,6,3,5,3.5,12,28,2,6.70%,IrviBr00
441,Jermaine Johnson II,NYJ,23,DE,14,0,0,3,2,66.70%,13,6.5,4.3,0,75.7,-3,-7,20,6,1,2,2.5,6,29,1,3.30%,JohnJe07
442,George Karlaftis III,KAN,21,DE,17,17,0,6,4,66.70%,32,8,5.3,1,119.4,0.3,2,30,9,11,3,6,21,33,4,10.80%,KarlGe00
443,Carl Lawson,NYJ,27,DE,17,17,0,4,2,50.00%,21,10.5,5.3,0,65.6,1.8,-3,24,13,2,16,7,26,33,2,5.70%,LawsCa00
444,David Long,LAR,24,DB,12,4,0,32,24,75.00%,294,12.3,9.2,1,113.3,9.8,216,78,0,0,0,0,0,21,3,12.50%,LongDa02
445,DeAngelo Malone,ATL,23,OLB,15,0,0,3,2,66.70%,14,7,4.7,0,77.1,-0.3,-3,17,1,2,1,1,4,29,2,6.50%,MaloDe00
446,Zyon McCollum,TAM,23,CB,13,3,0,22,16,72.70%,216,13.5,9.8,1,118.7,11.1,150,66,1,0,0,0,0,24,3,11.10%,McCoZy02
447,Von Miller,BUF,33,LB,11,11,0,0,0,,0,,,0,,,0,0,19,16,3,8,27,21,2,8.70%,MillVo00
448,Emmanuel Moseley,SFO,26,CB,5,5,1,27,18,66.70%,160,8.9,5.9,0,66.9,8.3,82,78,3,1,0,0,1,22,5,18.50%,MoseEm00
449,Eric Murray,HOU,28,DB,17,0,0,3,3,100.00%,22,7.3,7.3,1,136.8,6.3,19,3,0,0,0,0,0,27,0,0.00%,MurrEr00
450,Yannick Ngakoue,IND,27,DE,15,15,0,1,1,100.00%,13,13,13,0,118.7,-1,-1,14,0,10,5,9.5,27,29,3,9.40%,NgakYa00
451,Keisean Nixon+,GNB,25,CB,17,4,1,29,20,69.00%,202,10.1,7,1,85.7,6.7,89,113,3,0,0,0,0,23,2,8.00%,NixoKe00
452,Dayo Odeyingbo,IND,23,DE,17,4,0,1,0,0.00%,0,,0,0,39.6,-6,0,0,2,7,4,5,17,31,0,0.00%,OdeyDa00
453,D.J. Reader,CIN,28,DT,10,10,0,1,1,100.00%,69,69,69,0,118.7,-1,-1,70,0,3,5,0,8,27,1,3.60%,ReadD.00
454,Armon Watts,CHI,26,DT,17,12,0,0,0,,0,,,0,,,0,0,0,2,1,1,4,35,2,5.40%,WattAr01
455,Rashad Weaver,TEN,25,OLB,16,4,0,4,2,50.00%,13,6.5,3.3,0,57.3,0.8,6,7,10,6,10,5.5,22,27,5,15.60%,WeavRa00
456,Matthew Adams,CHI,27,LB,10,3,0,7,5,71.40%,49,9.8,7,0,90.8,2.3,8,41,1,0,0,0,0,26,2,7.10%,AdamMa00
457,Dorance Armstrong Jr.,DAL,25,DE,17,5,0,7,6,85.70%,66,11,9.4,0,106,-3.1,-17,83,2,4,5,8.5,18,33,2,5.70%,ArmsDo00
458,Denico Autry,TEN,32,DL,12,8,0,4,4,100.00%,30,7.5,7.5,0,97.9,2.5,10,20,1,4,10,8,22,27,1,3.60%,AutrDe00
459,Krys Barnes,GNB,24,LB,6,1,0,9,7,77.80%,51,7.3,5.7,1,127.3,3.1,38,13,1,0,0,1,1,29,2,6.50%,BarnKr00
460,Christian Benford,BUF,22,CB,9,5,1,28,17,60.70%,231,13.6,8.3,1,84.1,11.3,138,93,0,0,0,0,0,24,6,20.00%,BenfCh00
461,Justin Bethel,MIA,32,CB,17,0,1,19,12,63.20%,104,8.7,5.5,1,73.1,8.8,48,56,0,0,0,0,0,26,3,10.30%,BethJu00
462,Chris Board,DET,27,LB,17,1,0,12,8,66.70%,86,10.8,7.2,1,115.3,5.4,53,33,10,2,1,0,3,21,1,4.50%,BoarCh00
463,Jonathan Bullard,MIN,29,DL,12,7,0,1,0,0.00%,0,,0,0,39.6,4,0,0,0,0,1,0,1,23,0,0.00%,BullJo00
464,Justin Evans,NOR,27,DB,15,4,0,30,18,60.00%,232,12.9,7.7,1,95.4,6.8,118,114,4,1,0,0,1,29,4,12.10%,EvanJu00
465,Trevis Gipson,CHI,25,DL,17,10,0,2,1,50.00%,19,19,9.5,0,83.3,2,10,9,0,8,7,3,18,31,1,3.10%,GipsTr00
466,Matthew Ioannidis,CAR,28,DT,13,13,0,1,1,100.00%,-6,-6,-6,0,79.2,-2,-2,-4,0,2,7,1,10,37,3,7.50%,IoanMa01
467,Quinton Jefferson,SEA,29,DE,17,3,0,0,0,,0,,,0,,,0,0,1,5,7,5.5,18,29,2,6.50%,JeffQu00
468,Kelvin Joseph,DAL,22,CB,16,1,0,18,12,66.70%,219,18.3,12.2,4,147.9,14,184,35,0,0,0,0,0,20,0,0.00%,JoseKe02
469,Jourdan Lewis,DAL,27,CB,6,4,1,26,19,73.10%,170,8.9,6.5,0,74.2,6.2,51,119,2,0,0,1,1,26,2,7.10%,LewiJo01
470,Alim McNeill,DET,22,DL,17,17,0,0,0,,0,,,0,,,0,0,4,6,4,1,11,41,2,4.70%,McNeAl00
471,Tre Norwood,PIT,23,DB,15,3,0,20,10,50.00%,118,11.8,5.9,0,68.3,11,78,40,3,0,0,0,0,23,5,17.90%,NorwTr00
472,Jason Pierre-Paul,BAL,33,OLB,14,13,1,3,3,100.00%,19,6.3,6.3,0,53.5,1.3,4,15,4,0,0,3,3,26,3,10.30%,PierJa99
473,Cameron Sample,CIN,23,DE,16,1,0,4,2,50.00%,4,2,1,0,56.2,1.8,-3,7,1,2,4,2,8,25,2,7.40%,SampCa00
474,Myjai Sanders,ARI,24,OLB,13,4,0,3,2,66.70%,20,10,6.7,1,125,-2.7,-5,25,19,4,2,3,9,23,2,8.00%,SandMy00
475,P.J. Williams,NOR,29,CB,11,3,0,12,9,75.00%,162,18,13.5,2,156.2,9,76,86,1,0,0,0,0,26,1,3.70%,WillP.00
476,Ahkello Witherspoon,PIT,27,CB,4,4,1,29,22,75.90%,248,11.3,8.6,4,126.1,9.2,181,67,0,0,0,0,0,20,1,4.80%,WithAh00
477,Nahshon Wright,DAL,24,CB,7,2,1,28,17,60.70%,242,14.2,8.6,0,73.8,12.9,165,77,0,0,0,0,0,23,1,4.20%,WrigNa00
478,Josh Blackwell,CHI,23,DB,16,1,0,13,7,53.80%,87,12.4,6.7,1,100.5,7.8,42,45,1,0,0,0,0,23,0,0.00%,BlacJo00
479,Marquise Copeland,LAR,25,DT,15,9,0,0,0,,0,,,0,,,0,0,1,1,1,1,3,31,0,0.00%,CopeMa01
480,Marcus Davenport,NOR,26,DE,15,9,0,1,1,100.00%,-3,-3,-3,0,79.2,-8,-8,5,0,6,7,0.5,14,29,1,3.30%,DaveMa00
481,John Franklin-Myers,NYJ,26,DT,17,17,0,5,5,100.00%,-5,-1,-1,0,79.2,-3.6,-18,13,0,3,11,5,21,38,1,2.60%,FranJo02
482,Greg Gaines,LAR,26,DT,16,12,0,0,0,,0,,,0,,,0,0,0,3,2,4,9,36,0,0.00%,GainGr00
483,Neville Gallimore,DAL,25,DT,16,1,0,0,0,,0,,,0,,,0,0,0,1,0,1,2,33,1,2.90%,GallNe00
484,Jack Gibbens,TEN,24,LB,5,2,1,12,9,75.00%,76,8.4,6.3,0,56.2,4,16,60,6,0,0,0,0,28,1,3.40%,GibbJa00
485,Ronnie Harrison,CLE,25,S,16,5,0,17,11,64.70%,85,7.7,5,0,76.8,4.6,36,49,7,0,0,0.5,1,24,1,4.00%,HarrRo02
486,Tony Jefferson,NYG,30,S,9,1,0,15,13,86.70%,87,6.7,5.8,0,90.8,3.6,40,47,14,0,0,0,0,23,0,0.00%,JeffTo00
487,Austin Johnson,LAC,28,DL,8,8,0,1,1,100.00%,9,9,9,1,143.7,7,7,2,0,2,2,1,5,22,3,12.00%,JohnAu01
488,Jaquan Johnson,BUF,27,S,16,3,1,12,9,75.00%,112,12.4,9.3,1,96.5,12.6,81,31,3,0,0,0,0,32,2,5.90%,JohnJa11
489,Patrick Jones II,MIN,24,OLB,16,0,0,3,2,66.70%,24,12,8,0,91,2,1,23,17,3,1,4,8,27,0,0.00%,JonePa00
490,Arden Key,JAX,26,OLB,17,3,0,3,2,66.70%,15,7.5,5,0,78.5,9,0,15,9,5,10,4.5,20,27,1,3.60%,KeyxAr00
491,Bilal Nichols,LVR,26,DT,17,17,0,0,0,,0,,,0,,,0,0,0,3,9,1.5,14,44,1,2.20%,NichBi00
492,George Odum,SFO,29,DB,17,0,1,3,2,66.70%,8,4,2.7,1,70.1,10.7,8,0,0,0,0,0,0,22,0,0.00%,OdumGe00
493,Mike Pennel,CHI,31,DL,17,2,0,2,2,100.00%,-7,-3.5,-3.5,0,79.2,-6.5,-13,6,0,2,2,0,4,26,1,3.70%,PennMi00
494,Nathan Shepherd,NYJ,29,DT,17,3,0,1,1,100.00%,12,12,12,0,116.7,0,0,12,0,1,4,1.5,7,33,3,8.30%,ShepNa00
495,Tremon Smith,HOU,26,DB,17,2,2,16,9,56.30%,93,10.3,5.8,1,54.4,7.4,62,31,0,0,0,0,0,22,1,4.30%,SmitTr04
496,Tre'Davious White,BUF,27,CB,6,6,1,33,18,54.50%,244,13.6,7.4,1,75.8,13.5,200,44,1,1,0,0,1,20,1,4.80%,WhitTr01
497,Russ Yeast,LAR,23,S,15,1,0,7,6,85.70%,76,12.7,10.9,0,111.9,8.9,42,34,0,0,0,0,0,20,1,4.80%,YeasRu00
498,Abdullah Anderson,ATL,26,DL,16,8,0,0,0,,0,,,0,,,0,0,0,0,0,1,1,40,0,0.00%,AndeAb00
499,Oren Burks,SFO,27,LB,17,3,0,13,10,76.90%,89,8.9,6.8,1,120.4,3.7,34,55,6,0,0,0.5,1,38,1,2.60%,BurkOr00
500,Zach Cunningham,TEN,28,LB,6,6,0,19,12,63.20%,109,9.1,5.7,1,96.2,3.6,28,81,7,0,0,0,0,24,1,4.00%,CunnZa00
501,Cobie Durant,LAR,24,DB,13,1,3,22,13,59.10%,136,10.5,6.2,1,52.7,5.2,56,80,5,0,0,1,1,22,2,8.30%,DuraDe01
502,Cordale Flott,NYG,21,DB,11,6,0,27,17,63.00%,191,11.2,7.1,1,96.4,8.4,114,77,0,1,0,0,1,26,1,3.70%,FlotCo00
503,Tomon Fox,NYG,24,OLB,16,1,0,3,2,66.70%,10,5,3.3,0,71.5,1.3,-4,14,17,4,0,1,5,24,1,4.00%,FoxxTo00
504,Sam Franklin,CAR,26,S,17,1,0,3,2,66.70%,-1,-0.5,-0.3,0,70.1,3.7,-2,1,2,1,0,0,1,20,0,0.00%,FranSa00
505,Ta'Quon Graham,ATL,24,DL,11,9,0,0,0,,0,,,0,,,0,0,0,1,5,0,6,34,2,5.60%,GrahTa00
506,Jake Hansen,HOU,24,LB,11,2,0,7,7,100.00%,79,11.3,11.3,1,153.3,4.9,34,45,9,0,2,1,3,25,1,3.80%,HansJa01
507,Elijah Hicks,CHI,23,DB,15,2,0,7,6,85.70%,176,29.3,25.1,2,158.3,21.6,117,59,1,0,0,0,0,28,1,3.40%,HickEl00
508,Melvin Ingram,MIA,33,LB,17,3,0,8,7,87.50%,52,7.4,6.5,0,93.7,2.9,16,36,41,9,2,6,18,22,4,15.40%,IngrMe00
509,William Jackson III,WAS,30,CB,4,4,0,24,17,70.80%,190,11.2,7.9,2,121.9,11,161,29,2,0,0,0,0,16,1,5.90%,JackWi02
510,Anfernee Jennings,NWE,25,LB,16,3,0,2,2,100.00%,18,9,9,0,104.2,1.5,3,15,9,6,3,1.5,11,27,3,10.00%,JennAn00
511,Tanoh Kpassagnon,NOR,28,DE,15,5,0,1,1,100.00%,8,8,8,0,100,-6,-6,14,0,2,3,2,8,28,1,3.40%,KpasTa00
512,Cameron Lewis,BUF,25,CB,13,1,0,3,2,66.70%,46,23,15.3,0,109.7,20.3,46,0,0,0,0,0,0,21,1,4.50%,LewiCa00
513,Bryan Mone,SEA,27,DT,13,3,0,0,0,,0,,,0,,,0,0,0,4,0,0,4,25,0,0.00%,MoneBr00
514,Al-Quadin Muhammad,CHI,27,DL,16,9,0,5,5,100.00%,22,4.4,4.4,2,124.6,-3,-15,37,6,7,2,1,10,29,2,6.50%,MuhaAl00
515,Carl Nassib,TAM,29,OLB,13,1,0,1,1,100.00%,3,3,3,0,79.2,-6,-6,9,6,1,2,3.5,7,23,2,8.00%,NassCa00
516,Tedarrell Slaton,GNB,25,DL,17,2,0,0,0,,0,,,0,,,0,0,1,1,0,0,1,31,1,3.10%,SlatTe00
517,Daniel Sorensen,NOR,32,S,17,2,2,6,4,66.70%,52,13,8.7,0,54.2,13.3,20,32,0,0,0,0,0,25,0,0.00%,SoreDa01
518,Vita Vea,TAM,27,DL,14,14,0,2,2,100.00%,23,11.5,11.5,0,114.6,2.5,5,18,0,3,6,6.5,16,31,1,3.10%,VeaxVi00
519,Jace Whittaker,ARI,27,CB,6,4,0,27,22,81.50%,231,10.5,8.6,0,102.3,6,99,132,4,1,0,0,1,24,2,7.70%,WhitJa05
520,Damarion Williams,BAL,24,CB,14,0,0,32,20,62.50%,243,12.2,7.6,2,106.6,8.1,136,107,5,0,0,0,0,24,3,11.10%,WillDa15
521,Rodarius Williams,NYG,26,CB,3,1,1,16,11,68.80%,151,13.7,9.4,0,72.7,8.8,62,89,0,0,0,0,0,15,2,11.80%,WillRo07
522,Sam Williams,DAL,23,DE,15,0,0,2,1,50.00%,6,6,3,0,56.2,-2,-2,8,5,2,5,4,11,22,3,12.00%,WillSa00
523,Mack Wilson,NWE,24,OLB,17,3,0,14,7,50.00%,70,10,5,1,88.4,3,7,63,15,3,0,1.5,6,36,8,18.20%,WilsMa03
524,Oshane Ximines,NYG,26,OLB,15,4,0,12,7,58.30%,67,9.6,5.6,0,74,-0.2,-4,71,27,1,6,2,9,24,2,7.70%,XimiOs00
525,Baron Browning,DEN,23,OLB,14,8,1,9,5,55.60%,21,4.2,2.3,0,21.3,2,-9,30,37,6,6,5,18,24,1,4.00%,BrowBa01
526,Jadeveon Clowney,CLE,29,DE,12,10,0,2,1,50.00%,21,21,10.5,0,87.5,-2.5,-5,26,1,7,2,2,12,28,0,0.00%,ClowJa00
527,Michael Dogbe,ARI,26,DE,13,4,0,0,0,,0,,,0,,,0,0,2,0,0,0,0,28,2,6.70%,DogbMi00
528,Bud Dupree,TEN,29,OLB,11,11,0,6,6,100.00%,65,10.8,10.8,0,111.8,1,6,59,9,7,6,4,17,18,0,0.00%,DuprAl00
529,A.J. Green,CLE,24,CB,17,1,1,13,10,76.90%,109,10.9,8.4,1,94.7,5.3,69,40,4,0,1,0,1,18,3,14.30%,GreeAJ00
530,Casey Hayward,ATL,33,CB,6,6,1,31,19,61.30%,225,11.8,7.3,1,80.7,10.6,174,51,0,0,0,0,0,17,1,5.60%,HaywCa00
531,Justin Houston,BAL,33,OLB,14,1,1,4,4,100.00%,31,7.8,7.8,0,59.4,-1,-4,35,10,8,6,9.5,25,21,2,8.70%,HousJu00
532,Juju Hughes,DET,24,S,7,1,0,6,3,50.00%,12,4,2,1,95.8,12.2,9,3,6,0,0,1,1,18,1,5.30%,HughJu00
533,Travis Jones,BAL,23,DT,15,3,0,1,1,100.00%,0,0,0,0,79.2,-4,-4,4,0,0,1,1,2,24,0,0.00%,JoneTr00
534,Jordan Kunaszyk,CLE,26,LB,15,2,0,7,4,57.10%,33,8.3,4.7,0,69.3,3.4,17,16,4,0,0,0,0,22,2,8.30%,KunaJo00
535,Blake Martinez,LVR,28,LB,4,2,0,6,6,100.00%,43,7.2,7.2,0,96.5,3.7,22,21,1,0,0,0,0,20,0,0.00%,MartBl01
536,David Mayo,WAS,29,LB,13,3,0,8,6,75.00%,82,13.7,10.3,2,146.9,2.6,12,70,4,1,0,1,2,35,1,2.80%,MayoDa00
537,Nik Needham,MIA,26,CB,6,5,0,19,10,52.60%,150,15,7.9,1,96.4,15.5,123,27,0,1,0,0,1,21,1,4.50%,NeedNi00
538,Efe Obada,WAS,30,DE,17,1,0,1,1,100.00%,9,9,9,0,104.2,-8,-8,17,0,2,4,4,10,24,3,11.10%,ObadEf00
539,Isaiah Pola-Mao,LVR,23,S,11,0,0,8,6,75.00%,34,5.7,4.3,0,82.3,1.5,6,28,5,0,1,1,2,20,1,4.80%,PolaIs00
540,Hassan Ridgeway,SFO,28,DT,12,7,0,0,0,,0,,,0,,,0,0,0,0,2,1,3,28,1,3.40%,RidgHa00
541,Malcolm Roach,NOR,24,DT,13,3,0,1,0,0.00%,0,,0,0,39.6,-5,0,0,0,0,1,1,2,26,4,13.30%,RoacMa01
542,Dawuane Smoot,JAX,27,DL,15,0,0,2,0,0.00%,0,,0,0,39.6,13.5,0,0,4,7,6,5,19,21,2,8.70%,SmooDa00
543,Caden Sterns,DEN,23,S,5,3,2,17,5,29.40%,84,16.8,4.9,0,8.1,16.2,47,37,1,1,0,0,1,21,2,8.70%,SterCa00
544,Kevin Strong,TEN,26,DE,16,1,0,0,0,,0,,,0,,,0,0,0,4,0,0,4,23,1,4.20%,StroKe00
545,Chase Winovich,CLE,27,DE,8,2,0,3,3,100.00%,33,11,11,0,112.5,1.7,5,28,1,3,2,1,6,20,0,0.00%,WinoCh00
546,Raekwon Davis,MIA,25,DT,16,15,0,1,1,100.00%,8,8,8,0,100,7,7,1,0,2,1,1,4,33,1,2.90%,DaviRa03
547,A.J. Epenesa,BUF,24,DE,15,2,0,2,2,100.00%,24,12,12,0,116.7,3,6,18,1,3,4,6.5,14,16,3,15.80%,EpenAJ00
548,Folorunso Fatukasi,JAX,27,DL,14,13,0,0,0,,0,,,0,,,0,0,0,2,1,1.5,5,24,0,0.00%,FatuFo00
549,Demetrius Flannigan-Fowles,SFO,26,LB,17,0,0,6,6,100.00%,87,14.5,14.5,0,118.7,9.7,58,29,3,0,0,1,1,22,1,4.30%,FlanDe00
550,Leki Fotu,ARI,24,DT,17,9,0,0,0,,0,,,0,,,0,0,3,1,2,0,3,31,3,8.80%,FotuLe00
551,Chauncey Golston,DAL,24,DE,15,0,0,0,0,,0,,,0,,,0,0,0,2,1,1,4,22,1,4.30%,GolsCh00
552,Jonathan Harris,DEN,26,DL,8,4,0,1,1,100.00%,3,3,3,0,79.2,1,1,2,0,0,1,0,1,20,1,4.80%,HarrJo05
553,Akiem Hicks,TAM,33,DL,11,11,0,0,0,,0,,,0,,,0,0,1,0,3,1,4,22,1,4.30%,HickAk00
554,Timmy Horne,ATL,25,DL,17,5,0,0,0,,0,,,0,,,0,0,0,1,1,0,2,27,0,0.00%,HornTi00
555,Joseph Jones,TEN,28,LB,15,0,0,1,1,100.00%,0,0,0,0,79.2,0,0,0,0,0,0,0,0,18,0,0.00%,JoneJo05
556,Trayvon Mullen,2TM,25,,9,0,0,19,15,78.90%,202,13.5,10.6,2,146.1,10.2,127,75,1,0,1,0,1,16,3,15.80%,MullTr00
557,Siran Neal,BUF,28,CB,16,0,0,12,5,41.70%,25,5,2.1,0,49.3,5.9,14,11,1,0,1,0,1,19,2,9.50%,NealSi00
558,Otito Ogbonnia,LAC,21,DL,7,1,0,0,0,,0,,,0,,,0,0,0,2,0,0,2,14,2,12.50%,OgboOt00
559,Kentavius Street,NOR,26,DT,17,0,0,1,1,100.00%,-3,-3,-3,0,79.2,-5,-5,2,0,2,2,3.5,9,29,0,0.00%,StreKe00
560,Ja'Sir Taylor,LAC,23,DB,17,3,0,11,7,63.60%,113,16.1,10.3,0,97.9,13.9,88,25,2,0,0,0,0,22,3,12.00%,TaylJa04
561,Solomon Thomas,NYJ,27,DE,17,0,0,2,2,100.00%,-1,-0.5,-0.5,0,79.2,-4.5,-9,8,0,4,4,0.5,9,26,1,3.70%,ThomSo00
562,Jerry Tillery,2TM,26,,15,4,0,0,0,,0,,,0,,,0,0,0,2,3,1,6,18,3,14.30%,TillJe00
563,Casey Toohill,WAS,26,DE,16,0,0,1,1,100.00%,7,7,7,0,95.8,-4,-4,11,4,3,5,1,9,25,1,3.80%,ToohCa00
564,Carlos Watkins,DAL,29,DE,12,4,0,1,1,100.00%,4,4,4,0,83.3,-3,-3,7,0,0,0,0,0,26,2,7.10%,WatkCa00
565,Samuel Womack,SFO,23,CB,16,1,1,15,11,73.30%,114,10.4,7.6,1,89.3,9.3,106,8,2,0,0,0,0,19,0,0.00%,WomaSa00
566,Chris Wormley,PIT,29,DT,13,1,0,2,1,50.00%,29,29,14.5,1,135.4,-1.5,-3,32,0,1,0,0.5,2,29,2,6.50%,WormCh00
567,Alex Wright,CLE,22,DE,17,5,0,2,1,50.00%,13,13,6.5,0,70.8,0,0,13,0,0,0,0,0,28,3,9.70%,WrigAl01
568,Montravius Adams,PIT,27,DT,17,9,0,2,2,100.00%,21,10.5,10.5,0,110.4,8.5,17,4,3,1,0,0,1,26,1,3.70%,AdamMo00
569,Anthony Averett,LVR,28,CB,7,6,0,18,12,66.70%,173,14.4,9.6,2,134.7,10.2,138,35,0,0,0,0,0,13,2,13.30%,AverAn00
570,Christian Barmore,NWE,23,DL,10,3,0,1,1,100.00%,11,11,11,0,112.5,4,4,7,0,1,5,2.5,9,23,1,4.20%,BarmCh00
571,D'Anthony Bell,CLE,26,S,16,2,0,2,2,100.00%,27,13.5,13.5,0,118.7,11,22,5,1,0,0,0,0,14,1,6.70%,BellDA03
572,Andrew Booth,MIN,22,CB,6,1,0,13,11,84.60%,129,11.7,9.9,0,108,8.6,87,42,0,0,0,0,0,12,2,14.30%,BootAn00
573,Juston Burris,CAR,29,S,5,3,0,10,4,40.00%,45,11.3,4.5,1,87.5,14.8,41,4,2,0,0,0,0,20,3,13.00%,BurrJu00
574,Ronald Darby,DEN,28,CB,5,5,0,18,7,38.90%,73,10.4,4.1,1,69.9,10.2,54,19,1,0,0,0,0,14,2,12.50%,DarbRo00
575,Victor Dimukeje,ARI,23,OLB,14,2,0,3,3,100.00%,23,7.7,7.7,0,98.6,3.3,10,13,11,3,1,0,4,17,1,5.60%,DimuVi00
576,Tyler Hall,LVR,24,CB,7,3,0,16,9,56.30%,90,10,5.6,0,72.4,5.6,23,67,1,0,0,1,1,20,0,0.00%,HallTy01
577,J.C. Jackson,LAC,27,CB,5,5,0,24,16,66.70%,334,20.9,13.9,4,149.3,14.8,266,68,0,0,0,0,0,15,1,6.30%,JackJ.00
578,Christian Matthew,ARI,26,CB,14,3,0,21,14,66.70%,158,11.3,7.5,0,89,8.4,83,75,0,0,0,0,0,19,4,17.40%,MattCh01
579,Zech McPhearson,PHI,24,CB,17,0,0,6,3,50.00%,40,13.3,6.7,0,71.5,8.8,39,1,0,0,0,1,1,14,0,0.00%,McPhZe00
580,Israel Mukuamu,DAL,23,S,15,3,1,10,7,70.00%,49,7,4.9,1,74.6,8,16,33,3,0,1,0,1,17,2,10.50%,MukuIs00
581,Joe Schobert,TEN,29,LB,6,1,0,6,6,100.00%,87,14.5,14.5,0,118.7,6.2,37,50,2,1,0,0,1,16,3,15.80%,SchoJo00
582,Jamien Sherwood,NYJ,22,LB,17,0,0,1,1,100.00%,5,5,5,0,87.5,0,0,5,0,0,0,0.5,1,16,0,0.00%,SherJa00
583,James Smith-Williams,WAS,25,DE,14,14,0,5,2,40.00%,8,4,1.6,0,47.9,-4.2,-10,18,7,1,14,3,18,23,3,11.50%,SmitJa08
584,Khyiris Tonga,MIN,26,DL,11,2,0,1,1,100.00%,1,1,1,0,79.2,-3,-3,4,0,2,1,0.5,4,28,3,9.70%,TongKh00
585,Zeke Turner,ARI,26,LB,15,1,0,10,8,80.00%,59,7.4,5.9,2,130.8,2,20,39,7,1,0,0,1,22,0,0.00%,TurnZe00
586,Rachad Wildgoose,WAS,22,CB,15,3,0,19,11,57.90%,97,8.8,5.1,0,71.6,5.1,30,67,2,0,0,0,0,16,2,11.10%,WildRa00
587,Brian Asamoah,MIN,22,LB,16,0,0,4,3,75.00%,44,14.7,11,0,110.4,7,24,20,6,1,0,0,1,17,3,15.00%,AsamBr00
588,Zack Baun,NOR,26,LB,13,1,0,1,1,100.00%,9,9,9,0,104.2,3,3,6,8,0,2,0,2,16,2,11.10%,BaunZa00
589,Terrel Bernard,BUF,23,LB,16,1,0,5,4,80.00%,35,8.8,7,0,95.8,3.2,17,18,3,0,0,0,0,22,0,0.00%,BernTe00
590,Thomas Booker,HOU,23,DL,10,1,0,3,2,66.70%,13,6.5,4.3,0,75.7,-3.3,-5,18,2,0,0,0.5,1,15,1,6.30%,BookTh00
591,Jonathan Bostic,WAS,31,LB,15,5,0,8,4,50.00%,67,16.8,8.4,0,78.6,3.6,8,59,8,0,0,0,0,25,2,7.40%,BostJo00
592,Taven Bryan,CLE,26,DT,16,16,0,1,1,100.00%,9,9,9,0,104.2,6,6,3,0,1,1,3,6,26,1,3.70%,BryaTa00
593,Sean Chandler,CAR,26,S,17,0,0,3,3,100.00%,35,11.7,11.7,1,154.9,4.7,14,21,0,0,0,0,0,19,0,0.00%,ChanSe00
594,Nick Cross,IND,21,S,16,2,0,2,2,100.00%,15,7.5,7.5,0,97.9,4.5,9,6,2,1,0,0,1,17,1,5.60%,CrosNi00
595,Mario Edwards,TEN,28,DE,13,7,0,0,0,,0,,,0,,,0,0,0,4,7,3,14,17,1,5.60%,EdwaMa01
596,Luke Gifford,DAL,27,LB,16,0,0,3,2,66.70%,15,7.5,5,0,78.5,0.3,2,13,0,0,0,0,0,17,0,0.00%,GiffLu00
597,Kevin Givens,SFO,25,DT,13,11,0,0,0,,0,,,0,,,0,0,0,1,1,2,4,20,2,9.10%,GiveKe01
598,Daxton Hill,CIN,22,S,15,2,0,8,7,87.50%,56,8,7,2,135.4,8.8,46,10,6,1,0,0,1,16,1,5.90%,HillDa04
599,Kurt Hinish,HOU,23,DL,15,3,0,2,1,50.00%,5,5,2.5,0,56.2,-3,-6,11,0,1,1,1,3,23,1,4.20%,HiniKu00
600,James Houston,DET,24,LB,7,2,0,0,0,,0,,,0,,,0,0,10,2,3,8,13,12,0,0.00%,HousJa01
601,Jaleel Johnson,2TM,28,,9,1,0,1,1,100.00%,4,4,4,0,83.3,-3,-3,7,0,0,1,1,2,15,0,0.00%,JohnJa09
602,Damontae Kazee,PIT,29,S,9,4,2,11,7,63.60%,79,11.3,7.2,0,45.5,8.5,35,44,2,0,0,0,0,20,0,0.00%,KazeDa00
603,A.J. Klein,3TM,31,,10,2,0,6,5,83.30%,18,3.6,3,0,79.2,-0.8,-4,22,3,0,0,0,0,16,1,5.90%,KleiAJ00
604,P.J. Locke,DEN,25,S,16,0,0,11,7,63.60%,44,6.3,4,0,71.8,4.2,6,38,2,0,0,0,0,22,1,4.30%,LockPJ00
605,James Lynch,MIN,23,DL,15,2,0,1,0,0.00%,0,,0,0,39.6,-1,0,0,0,0,0,0,0,20,1,4.80%,LyncJa00
606,Tanner Muse,SEA,26,LB,17,1,0,5,2,40.00%,17,8.5,3.4,0,49.6,5.6,5,12,0,0,0,0,0,16,0,0.00%,MuseTa00
607,Derrick Nnadi,KAN,26,DT,17,17,0,1,1,100.00%,8,8,8,0,100,2,2,6,3,1,0,0,1,25,3,10.70%,NnadDe00
608,Corey Peters,JAX,34,DL,12,3,0,1,1,100.00%,11,11,11,0,112.5,-9,-9,20,0,0,1,0,1,20,0,0.00%,PeteCo00
609,Isaac Rochell,2TM,27,,7,1,0,1,1,100.00%,6,6,6,0,91.7,3,3,3,1,0,2,0,2,12,0,0.00%,RochIs00
610,Tim Settle,BUF,25,DT,15,2,0,1,0,0.00%,0,,0,0,39.6,1,0,0,0,1,1,1,3,19,2,9.50%,SettTi00
611,Payton Turner,NOR,24,DE,8,0,0,2,2,100.00%,2,1,1,0,79.2,-3.5,-7,9,0,1,1,2,4,16,0,0.00%,TurnPa02
612,Eyioma Uwazurike,DEN,24,DL,8,0,0,0,0,,0,,,0,,,0,0,0,0,2,0,2,17,0,0.00%,UwazEy00
613,Tracy Walker,DET,27,S,3,3,0,4,1,25.00%,13,13,3.3,0,40.6,26,3,10,7,0,0,1,1,20,0,0.00%,WalkTr01
614,Jonah Williams,LAR,27,DT,16,6,0,0,0,,0,,,0,,,0,0,0,1,3,0.5,5,23,1,4.20%,WillJo16
615,Tony Adams,NYJ,23,S,11,1,0,4,3,75.00%,31,10.3,7.8,0,96.9,10,25,6,1,1,0,0,1,17,1,5.60%,AdamTo03
616,Essang Bassey,DEN,24,CB,14,0,0,18,12,66.70%,112,9.3,6.2,0,83.6,5.6,49,63,7,0,1,0,1,15,2,11.80%,BassEs01
617,Angelo Blackson,CHI,30,DL,15,4,0,0,0,,0,,,0,,,0,0,1,3,1,0,4,22,2,8.30%,BlacAn00
618,Zachary Carter,CIN,23,DT,16,9,0,0,0,,0,,,0,,,0,0,0,1,0,0.5,2,23,2,8.00%,CartZa00
619,Chris Claybrooks,JAX,25,CB,17,0,0,3,3,100.00%,34,11.3,11.3,0,113.9,7.3,22,12,0,0,0,0,0,13,0,0.00%,ClayCh02
620,Daniel Ekuale,NWE,28,DT,15,0,0,0,0,,0,,,0,,,0,0,0,6,0,2,8,14,4,22.20%,EkuaDa00
621,Breiden Fehoko,LAC,26,DL,9,3,0,1,1,100.00%,1,1,1,0,79.2,0,0,1,0,0,0,0,0,23,0,0.00%,FehoBr01
622,Dallis Flowers,IND,25,CB,13,1,0,8,4,50.00%,60,15,7.5,1,114.6,14.6,40,20,0,0,0,0,0,14,3,17.60%,FlowDa00
623,Zyon Gilbert,NYG,23,CB,3,1,0,8,7,87.50%,73,10.4,9.1,1,144.3,4.6,18,55,3,0,0,1,1,14,0,0.00%,GilbZy00
624,Adam Gotsis,JAX,30,DL,15,1,0,0,0,,0,,,0,,,0,0,1,2,6,1.5,10,19,0,0.00%,GotsAd00
625,Charles Harris,DET,27,DL,6,4,0,1,1,100.00%,15,15,15,1,158.3,14,14,1,2,1,2,1,4,14,0,0.00%,HarrCh03
626,Neville Hewitt,HOU,29,LB,14,0,0,2,2,100.00%,24,12,12,0,116.7,1.5,3,21,0,0,0,0,0,14,0,0.00%,HewiNe00
627,Trysten Hill,2TM,24,DT,13,0,0,0,0,,0,,,0,,,0,0,0,0,5,1,6,12,0,0.00%,HillTr00
628,Kerry Hyder,SFO,31,DE,16,1,0,1,1,100.00%,5,5,5,0,87.5,-4,-4,9,0,4,3,1,8,19,0,0.00%,HydeKe01
629,Harvey Langi,3TM,30,,7,2,0,8,6,75.00%,49,8.2,6.1,0,90.1,2.6,21,28,2,0,1,0,1,12,0,0.00%,LangHa00
630,Jonathan Ledbetter,ARI,25,DE,14,3,0,0,0,,0,,,0,,,0,0,1,0,1,1,2,22,0,0.00%,LedbJo01
631,Greg Mabin,TEN,28,CB,6,0,0,15,9,60.00%,133,14.8,8.9,0,89,15.5,115,18,0,0,0,0,0,13,0,0.00%,MabiGr00
632,Dean Marlowe,2TM,30,FS,12,2,0,7,6,85.70%,146,24.3,20.9,1,158.3,18.6,130,16,1,0,0,0,0,14,2,12.50%,MarlDe00
633,Verone McKinley,MIA,22,S,10,2,1,5,2,40.00%,32,16,6.4,0,22.5,7.6,24,8,7,1,1,0,2,16,2,11.10%,McKiVe00
634,Julian Okwara,DET,25,LB,10,2,0,8,5,62.50%,57,11.4,7.1,0,83.9,4.6,35,22,2,6,0,2,8,17,0,0.00%,OkwaJu00
635,AJ Parker,DET,24,CB,3,0,0,11,9,81.80%,150,16.7,13.6,1,149.1,12.8,95,55,0,0,0,0,0,11,0,0.00%,ParkAJ00
636,Will Parks,NYJ,28,S,14,3,0,6,4,66.70%,33,8.3,5.5,0,80.6,5.7,13,20,2,0,0,0,0,17,3,15.00%,ParkWi01
637,Josh Paschal,DET,23,DL,10,4,0,1,0,0.00%,0,,0,0,39.6,3,0,0,0,2,2,2,6,16,1,5.90%,PascJo00
638,Deadrin Senat,TAM,28,DT,12,0,0,0,0,,0,,,0,,,0,0,0,0,1,1,2,17,1,5.60%,SenaDe00
639,Brent Urban,BAL,31,DE,16,0,0,0,0,,0,,,0,,,0,0,0,0,0,1,1,21,1,4.50%,UrbaBr00
640,Henry Anderson,CAR,31,DE,11,0,0,1,1,100.00%,-2,-2,-2,0,79.2,-4,-4,2,0,2,1,0,3,18,1,5.30%,AndeHe00
641,Boogie Basham,BUF,25,DE,15,0,1,0,0,,0,,,0,,,0,0,2,6,3,2,11,19,1,5.00%,BashCa00
642,Percy Butler,WAS,22,S,15,0,0,6,3,50.00%,19,6.3,3.2,1,96.5,21,19,0,1,0,0,0,0,11,0,0.00%,ButlPe00
643,Vinny Curry,NYJ,34,DE,11,0,0,1,0,0.00%,0,,0,0,39.6,-4,0,0,3,2,1,0,3,15,2,11.80%,CurrVi00
644,Michael Danna,KAN,25,DE,13,0,0,2,2,100.00%,7,3.5,3.5,0,81.2,-5,-10,17,7,6,5,5,16,27,4,12.90%,DannMi00
645,Nakobe Dean,PHI,22,LB,17,0,0,3,3,100.00%,12,4,4,0,83.3,2.3,7,5,0,0,0,0,0,13,0,0.00%,DeanNa00
646,Christian Elliss,PHI,23,LB,6,0,0,2,1,50.00%,10,10,5,0,64.6,6.5,9,1,0,0,0,0,0,11,1,8.30%,ElliCh00
647,Caleb Farley,TEN,24,CB,9,1,0,12,8,66.70%,198,24.8,16.5,1,137.5,17,154,44,0,0,0,0,0,10,2,16.70%,FarlCa00
648,Jordan Fuller,LAR,24,DB,3,1,0,7,5,71.40%,42,8.4,6,0,86.6,3.9,32,10,0,0,0,0,0,12,1,7.70%,FullJo01
649,J.T. Gray,NOR,26,DB,14,0,0,0,0,,0,,,0,,,0,0,2,0,0,2.5,3,17,0,0.00%,GrayJ.00
650,Jonathan Greenard,HOU,25,DL,8,4,1,0,0,,0,,,0,,,0,0,1,4,2,1.5,8,16,0,0.00%,GreeJo04
651,Harrison Hand,CHI,24,DB,4,1,0,9,7,77.80%,63,9,7,0,95.8,5.9,32,31,0,0,0,0,0,12,0,0.00%,HandHa00
652,Terrell Lewis,LAR,24,OLB,11,3,1,11,6,54.50%,29,4.8,2.6,0,22.2,0.4,-10,39,17,0,2,1,3,13,2,13.30%,LewiTe00
653,Ifeatu Melifonwu,DET,23,S,10,1,0,6,4,66.70%,49,12.3,8.2,1,131.2,6.2,20,29,1,0,0,0.5,1,14,1,6.70%,MeliIf00
654,Ifeadi Odenigbo,2TM,28,,14,0,0,3,3,100.00%,2,0.7,0.7,0,79.2,-3.3,-10,12,2,1,2,3.5,7,18,0,0.00%,OdenIf00
655,Azeez Ojulari,NYG,22,OLB,7,5,0,2,1,50.00%,5,5,2.5,0,56.2,-2,-4,9,14,3,4,5.5,13,14,2,12.50%,OjulAz00
656,Jordan Phillips,BUF,30,DT,12,1,0,1,1,100.00%,2,2,2,0,79.2,-5,-5,7,0,2,5,1.5,9,20,3,13.00%,PhilJo01
657,Jalen Reeves-Maybin,HOU,27,LB,17,0,0,4,4,100.00%,23,5.8,5.8,0,90.6,2,8,15,0,0,0,0,0,15,1,6.30%,ReevJa00
658,John Ridgeway,WAS,23,DT,15,4,0,1,1,100.00%,5,5,5,0,87.5,-3,-3,8,0,1,0,0,1,24,0,0.00%,RidgJo00
659,Ambry Thomas,SFO,23,CB,15,0,0,6,5,83.30%,51,10.2,8.5,0,102.1,12.5,45,6,0,0,0,0,0,13,0,0.00%,ThomAm00
660,Eric Wilson,GNB,28,LB,13,0,0,0,0,,0,,,0,,,0,0,2,0,0,1,1,17,0,0.00%,WilsEr00
661,Arik Armstead,SFO,29,DL,9,9,0,1,1,100.00%,14,14,14,0,118.7,-1,-1,15,1,2,4,0,6,11,0,0.00%,ArmsAr01
662,Amare Barno,CAR,23,DE,9,0,0,2,2,100.00%,-1,-0.5,-0.5,0,79.2,-4.5,-9,8,0,1,0,2,3,9,0,0.00%,BarnAm00
663,Joey Bosa,LAC,27,OLB,5,4,0,1,1,100.00%,21,21,21,0,118.7,5,5,16,10,0,3,2.5,6,10,0,0.00%,BosaJo00
664,Tyus Bowser,BAL,27,OLB,9,4,0,10,3,30.00%,32,10.7,3.2,0,40.4,0.9,8,24,8,4,1,2,7,13,1,7.10%,BowsTy00
665,Kris Boyd,MIN,26,CB,17,0,0,5,4,80.00%,25,6.3,5,1,127.1,2.2,10,15,0,0,0,0,0,13,0,0.00%,BoydKr00
666,Jermaine Carter Jr.,CLE,27,LB,7,1,0,1,1,100.00%,3,3,3,0,79.2,-2,-2,5,4,0,1,0,1,16,0,0.00%,CartJe00
667,Jordan Davis,PHI,22,DT,13,5,0,1,0,0.00%,16,,16,0,79.2,-3,-3,19,1,1,0,0,1,18,0,0.00%,DaviJo03
668,Troy Dye,MIN,26,LB,17,0,0,3,1,33.30%,14,14,4.7,0,49.3,-3,-1,15,1,0,0,0,0,15,0,0.00%,DyexTr00
669,Clelin Ferrell,LVR,25,DE,16,4,0,4,3,75.00%,8,2.7,2,0,77.1,-3,-11,19,9,5,5,2,13,26,2,7.10%,FerrCl00
670,C.J. Ham,MIN,29,FB,17,4,0,1,0,0.00%,0,,0,0,39.6,14,0,0,0,0,0,0,0,8,0,0.00%,HamxC.00
671,Matt Henningsen,DEN,23,DE,17,0,0,0,0,,0,,,0,,,0,0,0,0,0,1,1,21,0,0.00%,HennMa01
672,Christian Holmes,WAS,25,CB,17,2,0,8,7,87.50%,106,15.1,13.3,1,158.3,11.6,75,31,0,0,0,0,0,12,2,14.30%,HolmCh00
673,Noah Igbinoghene,MIA,23,CB,9,2,1,23,12,52.20%,142,11.8,6.2,2,82.2,13.1,100,42,1,0,0,0,0,10,1,9.10%,IgbiNo00
674,Drake Jackson,SFO,21,DE,15,0,1,1,1,100.00%,33,33,33,0,79.2,0,0,33,0,2,2,3,7,14,0,0.00%,JackDr01
675,John Jenkins,MIA,33,DT,16,0,0,1,1,100.00%,14,14,14,0,118.7,0,0,14,0,3,1,0,4,20,0,0.00%,JenkJo00
676,Lonnie Johnson Jr.,TEN,27,CB,12,0,0,6,3,50.00%,46,15.3,7.7,1,115.3,19.5,31,15,0,0,0,0,0,11,2,15.40%,JohnLo01
677,Benito Jones,DET,25,DL,17,0,0,2,1,50.00%,-1,-1,-0.5,0,56.2,-2.5,-6,5,0,0,2,1.5,4,16,0,0.00%,JoneBe03
678,Linval Joseph,PHI,34,DT,8,8,0,0,0,,0,,,0,,,0,0,0,0,0,0.5,1,20,0,0.00%,JoseLi99
679,Quentin Lake,LAR,23,S,9,0,0,2,2,100.00%,39,19.5,19.5,0,118.7,12,24,15,0,0,0,1,1,10,1,9.10%,LakeQu00
680,Rashard Lawrence,ARI,24,DT,5,5,0,1,1,100.00%,6,6,6,0,91.7,-3,-3,9,5,1,0,0,1,10,0,0.00%,LawrRa01
681,DeMarvin Leal,PIT,22,DE,11,2,0,1,0,0.00%,0,,0,0,39.6,-2,0,0,0,0,0,0,0,14,3,17.60%,LealDe00
682,Shaquille Leonard,IND,27,LB,3,1,1,9,8,88.90%,74,9.3,8.2,3,100.9,3.8,20,54,1,0,0,0,0,11,0,0.00%,LeonDa00
683,Tyquan Lewis,IND,27,DE,7,4,0,0,0,,0,,,0,,,0,0,0,3,3,1,7,14,2,12.50%,LewiTy00
684,Shaquille Quarterman,JAX,25,LB,17,0,0,2,1,50.00%,16,16,8,0,77.1,-0.5,2,14,0,0,0,0,0,16,0,0.00%,QuarSh00
685,Robert Quinn,2TM,32,DE/DL,13,7,0,2,1,50.00%,6,6,3,0,56.2,-3.5,-3,9,2,6,4,1,11,10,1,9.10%,QuinRo00
686,Malik Reed,PIT,26,LB,14,2,0,3,3,100.00%,26,8.7,8.7,0,102.8,-1.3,-4,30,27,1,3,1,5,25,1,3.80%,ReedMa01
687,Marlon Tuipulotu,PHI,23,DT,9,1,0,0,0,,0,,,0,,,0,0,1,1,1,1,3,16,1,5.90%,TuipMa00
688,Josh Tupou,CIN,28,DT,11,6,0,0,0,,0,,,0,,,0,0,0,0,2,2,4,19,1,5.00%,TupoJo00
689,Derrek Tuszka,2TM,26,OLB,15,1,0,3,3,100.00%,31,10.3,10.3,0,109.7,8,24,7,2,0,0,0,0,16,0,0.00%,TuszDe00
690,Perrion Winfrey,CLE,22,DT,13,0,0,0,0,,0,,,0,,,0,0,0,1,1,0.5,3,22,1,4.30%,WinfPe00
691,Devonte Wyatt,GNB,24,DL,16,0,0,0,0,,0,,,0,,,0,0,1,0,1,1.5,3,15,0,0.00%,WyatDe00
692,Quinton Bohanna,DAL,23,DT,13,9,0,0,0,,0,,,0,,,0,0,0,0,1,0,1,19,2,9.50%,BohaQu00
693,Austin Bryant,DET,26,DL,9,0,0,2,1,50.00%,1,1,0.5,1,95.8,-0.5,1,0,0,2,3,0,5,9,0,0.00%,BryaAu00
694,Terrell Burgess,2TM,24,,8,1,0,2,2,100.00%,27,13.5,13.5,0,118.7,11.5,23,4,1,0,0,0,0,11,1,8.30%,BurgTe00
695,Elijah Campbell,MIA,27,DB,16,1,0,7,3,42.90%,18,6,2.6,0,50.3,8.1,14,4,8,0,1,0,1,12,0,0.00%,CampEl00
696,K'Lavon Chaisson,JAX,23,OLB,9,0,0,0,0,,0,,,0,,,0,0,3,1,2,1,4,10,0,0.00%,ChaiKL00
697,Landon Collins,NYG,28,S,6,1,1,13,8,61.50%,59,7.4,4.5,0,40.2,4.1,24,35,14,0,0,1,1,15,3,16.70%,CollLa00
698,Jarrad Davis,2TM,28,,4,1,0,2,1,50.00%,33,33,16.5,0,95.8,17.5,28,5,4,1,0,0.5,2,14,0,0.00%,DaviJa01
699,Michael Dwumfour,2TM,24,,9,0,0,0,0,,0,,,0,,,0,0,3,1,3,0,4,8,2,20.00%,DwumMi00
700,Clayton Fejedelem,MIA,29,S,13,0,0,7,4,57.10%,72,18,10.3,0,92.6,11.3,47,25,2,0,0,0,0,12,0,0.00%,FejeCl00
701,Mike Ford,ATL,27,CB,17,2,0,7,2,28.60%,32,16,4.6,0,46.1,9.9,13,19,2,0,1,0,1,15,0,0.00%,FordMi01
702,Randy Gregory,DEN,30,OLB,6,3,0,0,0,,0,,,0,,,0,0,22,1,5,2,8,12,1,7.70%,GregRa00
703,Grant Haley,LAR,26,DB,4,1,0,14,8,57.10%,59,7.4,4.2,0,67.3,6.5,22,37,0,0,0,0,0,12,2,14.30%,HaleGr00
704,Logan Hall,TAM,22,DL,17,0,0,0,0,,0,,,0,,,0,0,1,2,3,2.5,8,12,0,0.00%,HallLo00
705,Johnathan Hankins,2TM,30,DT,10,4,0,0,0,,0,,,0,,,0,0,0,2,0,0,2,20,2,9.10%,HankJo00
706,Erik Harris,ATL,32,S,14,1,0,5,5,100.00%,55,11,11,0,112.5,4.8,24,31,1,0,0,0,0,13,0,0.00%,HarrEr00
707,Marcell Harris,NYJ,28,LB,11,0,0,2,2,100.00%,9,4.5,4.5,0,85.4,1.5,3,6,0,0,0,0,0,12,3,20.00%,HarrMa03
708,Patrick Johnson,PHI,24,LB,16,0,0,5,3,60.00%,22,7.3,4.4,1,110,-0.4,2,20,18,2,3,0,5,11,1,8.30%,JohnPa02
709,Sidney Jones,2TM,26,CB,10,2,0,14,8,57.10%,99,12.4,7.1,0,79.2,11.3,91,8,1,0,0,0,0,12,0,0.00%,JoneSi00
710,Jacob Martin,2TM,27,DE/OLB,13,0,0,1,1,100.00%,8,8,8,0,100,0,0,8,4,5,1,2.5,9,14,2,12.50%,MartJa02
711,Marquan McCall,CAR,23,DT,16,0,0,0,0,,0,,,0,,,0,0,0,1,1,0,2,15,1,6.30%,McCaMa03
712,C.J. Moore,DET,27,S,11,0,0,3,2,66.70%,72,36,24,1,149.3,21.3,47,25,2,0,1,0,1,12,1,7.70%,MoorCJ01
713,Tarvarius Moore,SFO,26,DB,13,0,0,2,1,50.00%,17,17,8.5,0,79.2,14.5,15,2,0,0,0,0,0,8,0,0.00%,MoorTa00
714,Emmanuel Ogbah,MIA,29,DE,9,3,0,0,0,,0,,,0,,,0,0,3,4,4,1,9,11,1,8.30%,OgbaEm00
715,Charles Omenihu,SFO,25,DE,17,3,0,0,0,,0,,,0,,,0,0,1,6,10,4.5,21,20,2,9.10%,OmenCh00
716,Reggie Ragland,CLE,29,LB,4,2,0,1,0,0.00%,0,,0,0,39.6,1,0,0,0,0,0,0,0,14,0,0.00%,RaglRe00
717,Chris Rumph,LAC,24,OLB,15,0,0,2,2,100.00%,13,6.5,6.5,0,93.7,0.5,1,12,7,4,4,2,10,15,5,25.00%,RumpCh00
718,Cameron Thomas,ARI,22,OLB,17,0,0,0,0,,0,,,0,,,0,0,4,1,3,3,7,18,0,0.00%,ThomCa03
719,Nick Vigil,ARI,29,LB,4,2,0,11,8,72.70%,97,12.1,8.8,0,99.4,7.3,54,43,3,0,0,0,0,13,4,23.50%,VigiNi00
720,Anthony Walker,CLE,27,LB,3,3,0,8,3,37.50%,-8,-2.7,-1,0,45.8,1.9,-11,3,4,4,0,0,4,13,0,0.00%,WalkAn01
721,Myles Adams,SEA,24,DT,10,0,0,0,0,,0,,,0,,,0,0,0,1,1,0,2,16,1,5.90%,AdamMy00
722,Mario Addison,HOU,35,DL,12,1,0,1,0,0.00%,0,,0,0,39.6,-4,0,0,0,4,2,1,7,15,1,6.30%,AddiMa00
723,Chris Banjo,ARI,32,S,13,1,0,0,0,,0,,,0,,,0,0,1,0,0,0,0,11,0,0.00%,BanjCh00
724,Nik Bonitto,DEN,23,OLB,15,1,0,3,2,66.70%,16,8,5.3,0,79.9,6,1,15,18,2,2,1.5,6,14,4,22.20%,BoniNi00
725,Deon Bush,KAN,29,DB,16,0,0,2,0,0.00%,0,,0,0,39.6,20.5,0,0,2,0,0,0,0,11,0,0.00%,BushDe00
726,Brandin Echols,NYJ,25,CB,13,0,0,14,7,50.00%,102,14.6,7.3,1,97.9,11.2,60,42,0,0,0,0,0,8,1,11.10%,EchoBr00
727,Joe Gaziano,LAC,26,DL,5,0,0,0,0,,0,,,0,,,0,0,0,0,0,1,1,8,0,0.00%,GaziJo01
728,Kyron Johnson,PHI,24,LB,16,0,0,0,0,,0,,,0,,,0,0,1,0,0,0,0,8,0,0.00%,JohnKy02
729,Jamir Jones,PIT,24,LB,17,0,0,1,1,100.00%,13,13,13,0,118.7,5,5,8,3,0,0,0,0,10,0,0.00%,JoneJa11
730,Naquan Jones,TEN,24,DT,11,1,0,0,0,,0,,,0,,,0,0,0,0,2,1,3,16,0,0.00%,JoneNa01
731,Malcolm Koonce,LVR,24,DE,17,0,0,1,1,100.00%,2,2,2,0,79.2,-3,-3,5,0,2,0,0,2,9,0,0.00%,KoonMa00
732,Ja'Quan McMillian,DEN,22,CB,1,1,0,12,6,50.00%,94,15.7,7.8,0,76.4,10.3,43,51,0,0,0,0,0,7,1,12.50%,McMiJa00
733,Larrell Murchison,2TM,25,,8,0,0,0,0,,0,,,0,,,0,0,0,0,0,2,2,8,1,11.10%,MurcLa00
734,Josh Norman,CAR,35,CB,2,1,0,8,6,75.00%,87,14.5,10.9,1,149.5,10.6,42,45,0,0,0,0,0,8,0,0.00%,NormJo01
735,Joseph Ossai,CIN,22,DE,16,0,0,3,2,66.70%,19,9.5,6.3,0,84,7.7,18,1,1,3,6,3.5,13,17,1,5.60%,OssaJo00
736,Troy Reeder,LAC,28,LB,17,0,0,3,2,66.70%,48,24,16,0,109.7,9.7,12,36,4,0,0,0,0,11,0,0.00%,ReedTr01
737,Giovanni Ricci,CAR,26,TE,15,3,0,0,0,,0,,,0,,,0,0,0,0,0,0,0,10,1,9.10%,RiccGi00
738,Brandon Smith,CAR,21,LB,12,1,0,5,4,80.00%,14,3.5,2.8,0,79.2,4.6,-2,16,0,0,0,0,0,8,1,11.10%,SmitBr08
739,Baylon Spector,BUF,24,LB,6,0,0,5,4,80.00%,26,6.5,5.2,0,88.3,3.8,18,8,0,0,0,0,0,6,1,14.30%,SpecBa00
740,Jay Tufele,CIN,23,DT,7,2,0,0,0,,0,,,0,,,0,0,0,0,1,0,1,16,2,11.10%,TufeJa00
741,Garret Wallow,HOU,23,LB,13,3,0,5,2,40.00%,60,30,12,0,85.4,11.4,21,39,0,0,0,0,0,13,1,7.10%,WallGa00
742,Greedy Williams,CLE,25,CB,11,1,0,10,9,90.00%,163,18.1,16.3,2,158.3,13.1,98,65,0,0,0,0,0,11,2,15.40%,WillGr00
743,Jordan Willis,SFO,27,DE,9,0,0,0,0,,0,,,0,,,0,0,0,0,2,2,4,12,0,0.00%,WillJo09
744,Daryl Worley,BAL,27,CB,8,1,0,11,6,54.50%,59,9.8,5.4,1,100.2,14.6,44,15,0,0,0,0,0,8,0,0.00%,WorlDa00
745,Tyson Alualu,PIT,35,DE,17,2,0,0,0,,0,,,0,,,0,0,0,2,1,0.5,4,13,1,7.10%,AluaTy99
746,Genard Avery,TAM,27,OLB,9,0,0,1,0,0.00%,0,,0,0,39.6,7,0,0,3,0,4,1,5,5,0,0.00%,AverGe00
747,K.J. Britt,TAM,24,LB,12,0,0,1,1,100.00%,14,14,14,0,118.7,12,12,2,1,0,0,0,0,13,0,0.00%,BritKJ00
748,Bobby Brown,LAR,22,DT,9,1,0,0,0,,0,,,0,,,0,0,0,3,0,0,3,8,0,0.00%,BrowBo04
749,T.J. Carrie,CAR,32,CB,7,0,0,6,6,100.00%,107,17.8,17.8,1,158.3,14.5,87,20,3,0,0,0,0,9,0,0.00%,CarrTr00
750,Justin Coleman,SEA,29,CB,12,0,0,6,4,66.70%,34,8.5,5.7,0,81.2,2.3,0,34,0,0,0,0,0,10,1,9.10%,ColeJu01
751,DeeJay Dallas,SEA,24,RB,15,0,0,1,0,0.00%,0,,0,0,39.6,10,0,0,0,0,0,0,0,8,0,0.00%,DallDe00
752,Justin Ellis,NYG,32,DL,17,4,0,0,0,,0,,,0,,,0,0,0,0,0,1,1,22,0,0.00%,ElliJu01
753,Innis Gaines,GNB,24,S,7,1,0,2,1,50.00%,7,7,3.5,0,58.3,8.5,6,1,1,0,0,0,0,6,1,14.30%,GainIn00
754,Thomas Graham,CLE,23,CB,7,0,0,6,6,100.00%,39,6.5,6.5,0,93.7,2,12,27,0,0,0,0,0,6,0,0.00%,GrahTh00
755,Chase Hansen,NOR,29,LB,11,1,0,1,1,100.00%,10,10,10,0,108.3,3,3,7,0,0,0,0,0,9,0,0.00%,HansCh02
756,Josh Jackson,2TM,26,,5,1,0,7,5,71.40%,60,12,8.6,1,136.9,8.7,54,6,0,0,0,0,0,6,0,0.00%,JackJo01
757,Devon Kennard,2TM,31,OLB,7,2,0,7,7,100.00%,68,9.7,9.7,1,146.7,-0.1,-1,69,9,2,1,0,3,7,0,0.00%,KennDe00
758,Elijah Lee,2TM,26,,8,0,0,1,1,100.00%,22,22,22,0,118.7,-5,-5,27,0,0,0,0,0,8,1,11.10%,LeexEl00
759,T.Y. McGill,SFO,30,DT,9,0,0,0,0,,0,,,0,,,0,0,0,1,2,0,3,8,1,11.10%,McGiT.00
760,Henry Mondeaux,NYG,27,DL,11,4,0,0,0,,0,,,0,,,0,0,0,1,0,0,1,16,1,5.90%,MondHe00
761,Kyle Peko,LVR,29,DT,8,0,0,2,2,100.00%,27,13.5,13.5,0,118.7,4,8,19,0,1,0,0,1,11,0,0.00%,PekoKy00
762,John Reid,TEN,26,DB,3,1,0,4,4,100.00%,35,8.8,8.8,0,103.1,4.8,19,16,1,0,1,0,1,5,0,0.00%,ReidJo00
763,Aaron Robinson,NYG,25,CB,2,2,0,6,2,33.30%,28,14,4.7,0,49.3,18.5,19,9,0,0,0,0,0,6,0,0.00%,RobiAa00
764,Robert Rochell,LAR,24,DB,17,0,0,1,1,100.00%,4,4,4,1,122.9,4,4,0,0,0,0,0,0,5,1,16.70%,RochRo00
765,Teez Tabor,SEA,27,SS,10,1,0,6,4,66.70%,61,15.3,10.2,0,100,12.5,49,12,0,0,0,0,0,9,1,10.00%,TaboTe00
766,Michael Thomas,CIN,32,S,16,0,0,0,0,,0,,,0,,,0,0,2,0,0,0,0,12,0,0.00%,ThomMi02
767,Nick Williams,NYG,32,DL,8,7,0,0,0,,0,,,0,,,0,0,0,2,2,0,4,15,0,0.00%,WillNi01
768,Ugo Amadi,2TM,25,DB/S,3,0,0,4,3,75.00%,19,6.3,4.8,0,84.4,-0.3,2,17,5,0,0,0,0,6,2,25.00%,AmadUg00
769,Ryder Anderson,NYG,24,DL,7,2,0,0,0,,0,,,0,,,0,0,0,2,0,2,4,8,0,0.00%,AndeRy01
770,Jalyn Armour-Davis,BAL,23,CB,4,1,0,12,11,91.70%,226,20.5,18.8,2,158.3,12.5,135,91,1,0,0,0,0,6,3,33.30%,ArmoJa00
771,Corey Ballentine,GNB,26,CB,8,0,0,2,2,100.00%,14,7,7,1,135.4,7,14,0,1,0,0,0,0,5,1,16.70%,BallCo00
772,Khari Blasingame,CHI,26,FB,16,6,0,0,0,,0,,,0,,,0,0,0,0,0,0,0,4,1,20.00%,BlasKh00
773,Montaric Brown,JAX,23,CB,8,1,0,9,6,66.70%,81,13.5,9,0,95.1,14,48,33,0,0,0,0,0,6,1,14.30%,BrowMo00
774,Tre Brown,SEA,25,CB,6,0,0,3,3,100.00%,39,13,13,0,118.7,12,36,3,0,0,0,0,0,4,0,0.00%,BrowTr03
775,Austin Calitro,2TM,28,,6,2,0,3,3,100.00%,28,9.3,9.3,1,145.1,7,21,7,2,0,0,0,0,8,0,0.00%,CaliAu00
776,Ja'Marr Chase*,CIN,22,WR,12,12,0,1,1,100.00%,3,3,3,0,79.2,2,2,1,0,0,0,0,0,4,0,0.00%,ChasJa00
777,Tyler Coyle,DAL,24,S,1,0,0,4,3,75.00%,39,13,9.8,0,105.2,3.5,14,25,0,0,0,0,0,6,0,0.00%,CoylTy00
778,Matthias Farley,LVR,30,S,17,0,0,1,1,100.00%,7,7,7,0,95.8,0,0,7,0,0,0,0,0,11,0,0.00%,FarlMa00
779,Tae Hayes,2TM,25,,7,0,0,3,1,33.30%,6,6,2,0,42.4,4.7,2,4,0,0,0,0,0,6,0,0.00%,HayeTa00
780,Travis Homer,SEA,24,RB,10,1,0,0,0,,0,,,0,,,0,0,1,0,0,0,0,9,0,0.00%,HomeTr00
781,Khaleke Hudson,WAS,25,LB,13,1,0,1,1,100.00%,12,12,12,0,116.7,8,8,4,3,0,1,0,1,11,0,0.00%,HudsKh00
782,Bryce Huff,NYJ,24,DL,14,0,0,0,0,,0,,,0,,,0,0,2,6,6,3.5,16,6,0,0.00%,HuffBr00
783,Micah Hyde,BUF,32,S,2,2,0,3,2,66.70%,17,8.5,5.7,0,81.2,9,-1,18,1,0,0,0,0,7,0,0.00%,HydeMi00
784,Gregory Junior,JAX,23,CB,1,0,0,5,3,60.00%,41,13.7,8.2,0,86.2,12,37,4,0,0,0,0,0,6,0,0.00%,JuniGr00
785,Justin Layne,2TM,24,,9,0,0,2,1,50.00%,9,9,4.5,0,62.5,5.5,8,1,0,0,0,0,0,4,0,0.00%,LaynJu00
786,Elijah Molden,TEN,23,CB,2,1,0,3,1,33.30%,9,9,3,0,42.4,13,2,7,2,0,1,0,1,5,0,0.00%,MoldEl00
787,Michael Pierce,BAL,30,NT,3,3,0,0,0,,0,,,0,,,0,0,0,1,1,0,2,6,1,14.30%,PierMi00
788,Greg Stroman,CHI,26,DB,2,1,1,6,4,66.70%,28,7,4.7,0,37.5,10.7,22,6,0,0,0,0,0,8,0,0.00%,StroGr00
789,Ndamukong Suh,PHI,35,DT,8,0,0,0,0,,0,,,0,,,0,0,0,0,0,1,2,10,0,0.00%,SuhxNd99
790,Isaiah Thomas,CLE,24,DE,10,0,0,0,0,,0,,,0,,,0,0,5,2,1,1,4,9,3,25.00%,ThomIs01
791,Keir Thomas,LAR,24,OLB,8,0,0,0,0,,0,,,0,,,0,0,1,0,0,0,0,4,1,20.00%,ThomKe04
792,Shaka Toney,WAS,24,DE,16,0,0,0,0,,0,,,0,,,0,0,1,0,0,0,0,8,0,0.00%,ToneSh00
793,Kendal Vickers,LVR,27,DT,8,0,0,1,1,100.00%,8,8,8,0,100,3,3,5,0,0,1,0,1,10,0,0.00%,VickKe00
794,Tershawn Wharton,KAN,24,DT,5,0,0,2,2,100.00%,12,6,6,0,91.7,1,2,10,2,0,4,1,5,8,2,20.00%,WharTe00
795,Rachaad White,TAM,23,RB,17,8,0,0,0,,0,,,0,,,0,0,0,0,0,0,0,6,1,14.30%,WhitRa01
796,Jamal Adams,SEA,27,SS,1,1,0,2,0,0.00%,0,,0,0,39.6,8.5,0,0,1,0,1,0,1,3,0,0.00%,AdamJa00
797,Ben Banogu,IND,26,DE,16,0,0,3,2,66.70%,15,7.5,5,0,78.5,-4,-6,21,0,4,0,0,4,10,1,9.10%,BanoBe00
798,Earnest Brown IV,LAR,23,DE,5,3,0,0,0,,0,,,0,,,0,0,0,2,0,0,2,9,1,10.00%,BrowEa00
799,Darien Butler,LVR,22,LB,15,0,0,1,1,100.00%,18,18,18,0,118.7,14,14,4,0,0,0,0,0,11,0,0.00%,ButlDa00
800,Tevaughn Campbell,JAX,29,CB,5,0,0,6,3,50.00%,62,20.7,10.3,0,86.8,15.7,56,6,0,0,0,0,0,3,0,0.00%,CampTe00
801,Andre Chachere,PHI,26,S,7,0,0,1,0,0.00%,0,,0,0,39.6,9,0,0,0,0,0,0,0,5,0,0.00%,ChacAn00
802,L.J. Collier,SEA,27,DE,8,0,0,0,0,,0,,,0,,,0,0,0,0,1,0,1,7,1,12.50%,CollLJ00
803,Jabril Cox,DAL,24,LB,9,0,0,4,3,75.00%,21,7,5.3,0,86.5,4,10,11,0,0,0,0,0,6,0,0.00%,CoxxJa00
804,Ashtyn Davis,NYJ,26,S,14,0,1,2,1,50.00%,27,27,13.5,0,56.2,19,20,7,0,0,0,0,0,5,0,0.00%,DaviAs00
805,Carl Davis,NWE,30,DL,16,2,0,0,0,,0,,,0,,,0,0,0,1,0,1,2,11,2,15.40%,DaviCa01
806,Matt Dickerson,ATL,27,DE,6,0,0,0,0,,0,,,0,,,0,0,0,0,1,0,1,12,0,0.00%,DickMa00
807,Neil Farrell,LVR,24,DT,9,0,0,0,0,,0,,,0,,,0,0,0,0,2,0,2,12,1,7.70%,FarrNe00
808,Kyle Fuller,BAL,30,CB,1,1,0,7,3,42.90%,23,7.7,3.3,0,51.5,6.3,23,0,0,0,0,0,0,3,1,25.00%,FullKy00
809,Kylen Granson,IND,24,TE,13,4,0,1,0,0.00%,0,,0,0,39.6,8,0,0,0,0,0,0,0,3,0,0.00%,GranKy00
810,Lamar Jackson,2TM,24,,8,0,0,11,4,36.40%,88,22,8,0,65.7,14.4,65,23,0,0,0,0,0,3,0,0.00%,JackLa02
811,Chris Lammons,KAN,26,CB,16,0,0,5,3,60.00%,40,13.3,8,0,85.4,7.4,19,21,0,0,0,0,0,7,0,0.00%,LammCh00
812,Jesse Luketa,ARI,23,OLB,7,0,0,1,0,0.00%,0,,0,0,39.6,0,0,0,2,0,0,0,0,3,1,25.00%,LukeJe00
813,Daviyon Nixon,CAR,24,DT,7,0,0,0,0,,0,,,0,,,0,0,1,1,0,0,1,6,0,0.00%,NixoDa00
814,Pat O'Connor,TAM,29,DL,17,0,0,0,0,,0,,,0,,,0,0,1,0,1,0,1,6,1,14.30%,OConPa00
815,Sam Okuayinonu,TEN,24,DT,6,0,0,0,0,,0,,,0,,,0,0,0,0,0,0.5,1,11,0,0.00%,OkuaSa00
816,Romeo Okwara,DET,27,DL,5,0,0,0,0,,0,,,0,,,0,0,1,0,0,2,2,8,0,0.00%,OkwaRo01
817,Chris Olave,NOR,22,WR,15,9,0,1,0,0.00%,0,,0,0,39.6,19,0,0,0,0,0,0,0,3,0,0.00%,OlavCh00
818,Esezi Otomewo,MIN,23,DL,5,0,0,1,1,100.00%,-1,-1,-1,0,79.2,-4,-4,3,0,0,0,0,0,5,0,0.00%,OtomEs00
819,Del'Shawn Phillips,BAL,26,LB,16,0,0,0,0,,0,,,0,,,0,0,1,0,0,0,0,5,0,0.00%,PhilDe00
820,Anthony Pittman,DET,26,LB,17,1,0,2,1,50.00%,10,10,5,0,64.6,9.5,13,-3,2,1,1,0,2,5,0,0.00%,PittAn01
821,Bobby Price,DET,24,CB,5,0,0,4,2,50.00%,47,23.5,11.8,1,132.3,15.5,35,12,1,0,0,0,0,4,1,20.00%,PricBo00
822,Elijah Riley,PIT,24,S,4,0,0,2,1,50.00%,2,2,1,0,56.2,11,0,2,0,0,0,0,0,5,0,0.00%,RileEl01
823,Mark Robinson,PIT,23,LB,4,2,0,2,2,100.00%,33,16.5,16.5,0,118.7,6.5,13,20,1,0,0,0,0,9,0,0.00%,RobiMa03
824,Christian Rozeboom,LAR,25,LB,17,0,0,1,1,100.00%,1,1,1,0,79.2,-3,-3,4,0,0,0,0,0,8,0,0.00%,RozeCh00
825,J.J. Russell,TAM,24,LB,6,0,0,1,1,100.00%,11,11,11,0,112.5,5,5,6,0,0,0,0,0,6,0,0.00%,RussJJ00
826,Kevon Seymour,BAL,29,CB,14,0,0,1,0,0.00%,0,,0,0,39.6,12,0,0,0,0,0,0,0,3,0,0.00%,SeymKe00
827,Taylor Stallworth,2TM,27,,7,0,0,1,1,100.00%,5,5,5,0,87.5,1,1,4,0,0,1,0,1,8,0,0.00%,StalTa00
828,Tommy Togiai,CLE,23,DT,12,2,0,1,0,0.00%,0,,0,0,39.6,1,0,0,0,1,1,0.5,3,13,0,0.00%,TogiTo00
829,Tommy Tremble,CAR,22,TE,17,4,0,1,0,0.00%,0,,0,0,39.6,20,0,0,0,0,0,0,0,4,0,0.00%,TremTo00
830,Luiji Vilain,MIN,24,OLB,3,0,0,0,0,,0,,,0,,,0,0,1,0,0,0,0,4,0,0.00%,VilaLu00
831,Derek Watt,PIT,30,FB,17,3,0,0,0,,0,,,0,,,0,0,1,0,0,0,0,4,0,0.00%,WattDe00
832,Sterling Weatherford,CHI,23,LB,14,0,0,2,2,100.00%,19,9.5,9.5,0,106.2,2,4,15,0,0,0,0,0,4,0,0.00%,WeatSt01
833,Kristian Welch,BAL,24,LB,17,0,0,1,1,100.00%,14,14,14,0,118.7,12,12,2,0,0,0,0,0,3,0,0.00%,WelcKr00
834,Chase Young,WAS,23,DE,3,2,0,2,0,0.00%,0,,0,0,39.6,-5.5,0,0,0,0,1,0,1,5,0,0.00%,YounCh04
835,Olasunkanmi Adeniyi,TEN,25,OLB,3,1,0,0,0,,0,,,0,,,0,0,6,0,0,0,0,3,0,0.00%,AdenOl00
836,Jeremiah Attaochu,2TM,29,OLB,3,0,0,0,0,,0,,,0,,,0,0,0,1,0,0,1,2,0,0.00%,AttaJe00
837,Quinton Bell,ATL,26,OLB,4,0,0,0,0,,0,,,0,,,0,0,0,2,0,0,2,3,0,0.00%,BellQu00
838,Ross Blacklock,MIN,24,DL,11,0,0,1,1,100.00%,12,12,12,0,116.7,4,4,8,0,3,0,1,4,2,2,50.00%,BlacRo00
839,Mike Boone,DEN,27,RB,9,0,0,0,0,,0,,,0,,,0,0,0,0,0,0,0,2,1,33.30%,BoonMi00
840,Aaron Brewer,ARI,32,LS,15,0,0,0,0,,0,,,0,,,0,0,1,0,0,0,0,2,0,0.00%,BrewAa00
841,Tony Brown,IND,27,CB,16,0,0,0,0,,0,,,0,,,0,0,1,0,0,1,1,7,0,0.00%,BrowTo01
842,Jamie Collins,NWE,33,LB,3,1,0,1,1,100.00%,11,11,11,0,112.5,7,7,4,1,0,0,0,0,2,0,0.00%,CollJa00
843,Brandon Copeland,BAL,31,LB,3,0,0,1,1,100.00%,7,7,7,0,95.8,1,1,6,1,1,0,1,2,5,2,28.60%,CopeBr00
844,Xavier Crawford,SEA,27,CB,6,0,0,1,1,100.00%,6,6,6,0,91.7,6,6,0,0,0,0,0,0,3,0,0.00%,CrawXa00
845,Samuel Eguavoen,MIA,29,LB,17,0,0,4,4,100.00%,5,1.3,1.3,4,118.7,0.5,2,3,1,0,0,0,0,4,0,0.00%,EguaSa00
846,Milo Eifler,WAS,24,LB,10,0,0,0,0,,0,,,0,,,0,0,0,0,0,0,0,4,1,20.00%,EiflMi00
847,Allan George,CIN,23,CB,4,0,0,4,3,75.00%,30,10,7.5,0,95.8,7.5,23,7,0,0,0,0,0,2,0,0.00%,GeorAl00
848,Tyler Higbee,LAR,29,TE,17,17,0,0,0,,0,,,0,,,0,0,1,0,0,0,0,2,0,0.00%,HigbTy00
849,Ja'Marcus Ingram,BUF,25,CB,2,0,0,5,2,40.00%,38,19,7.6,0,67.1,10.4,24,14,0,0,0,0,0,3,0,0.00%,IngrJa00
850,Jackrabbit Jenkins,SFO,34,CB,2,0,0,2,2,100.00%,22,11,11,0,112.5,7.5,15,7,0,0,0,0,0,3,1,25.00%,JenkJa03
851,Darryl Johnson,SEA,25,LB,4,1,0,0,0,,0,,,0,,,0,0,0,0,0,0,0,4,1,20.00%,JohnDa10
852,Kingsley Jonathan,2TM,24,,6,0,0,0,0,,0,,,0,,,0,0,0,2,0,0,2,5,0,0.00%,JonaKi00
853,Javon Kinlaw,SFO,25,DT,6,6,0,1,1,100.00%,5,5,5,0,87.5,-3,-3,8,0,3,0,0,3,4,1,20.00%,KinlJa00
854,Jordan Mason,SFO,23,RB,16,0,0,0,0,,0,,,0,,,0,0,0,0,0,0,0,6,2,25.00%,MasoJo00
855,Hamsah Nasirildeen,NYJ,23,LB,7,0,0,1,1,100.00%,11,11,11,0,112.5,11,11,0,0,0,0,0,0,4,0,0.00%,NasiHa00
856,Amen Ogbongbemiga,LAC,24,LB,17,0,0,2,1,50.00%,19,19,9.5,0,83.3,9,17,2,0,0,0,0,0,6,0,0.00%,OgboAm00
857,Wyatt Ray,2TM,26,,4,0,0,1,1,100.00%,3,3,3,0,79.2,-4,-4,7,0,0,0,0,0,3,0,0.00%,RayxWy01
858,Shaun Wade,NWE,24,CB,3,0,0,6,4,66.70%,41,10.3,6.8,1,125.7,5,23,18,0,0,0,0,0,2,0,0.00%,WadeSh00
859,Ar'Darius Washington,BAL,23,S,3,0,0,1,1,100.00%,11,11,11,0,112.5,11,11,0,2,1,0,0,1,2,0,0.00%,WashAr00
860,Kyren Williams,LAR,22,RB,10,0,0,1,1,100.00%,18,18,18,0,118.7,13,13,5,0,0,0,0,0,2,1,33.30%,WillKy02
861,Jeff Wilson,2TM,27,RB,16,7,0,1,0,0.00%,0,,0,0,39.6,27,0,0,0,0,0,0,0,2,0,0.00%,WilsJe01
862,JT Woods,LAC,22,S,10,1,0,2,1,50.00%,33,33,16.5,1,135.4,14.5,12,21,0,0,0,0,0,3,1,25.00%,WoodJT00
863,Mackensie Alexander,DAL,29,CB,1,1,0,1,1,100.00%,12,12,12,0,116.7,9,9,3,0,0,0,0,0,1,0,0.00%,AlexMa01
864,Tarell Basham,2TM,28,,7,0,0,0,0,,0,,,0,,,0,0,2,2,0,0,2,5,0,0.00%,BashTa00
865,Eno Benjamin,3TM,23,,15,3,0,0,0,,0,,,0,,,0,0,0,0,0,0,0,1,1,50.00%,BenjEn00
866,Raheem Blackshear,CAR,23,RB,13,1,0,1,1,100.00%,1,1,1,0,79.2,-5,-5,6,0,0,0,0,0,1,0,0.00%,BlacRa00
867,Dicaprio Bootle,KAN,25,DB,4,0,0,2,0,0.00%,0,,0,0,39.6,11.5,0,0,0,0,0,0,0,3,0,0.00%,BootDi00
868,Aaron Brewer,TEN,25,OL,17,17,0,1,0,0.00%,0,,0,0,39.6,0,0,0,0,0,0,0,0,1,0,0.00%,BrewAa01
869,Michael Brockers,DET,32,DL,6,5,0,0,0,,0,,,0,,,0,0,0,1,1,0,2,4,0,0.00%,BrocMi00
870,Andrew Brown,CHI,27,DT,5,0,0,0,0,,0,,,0,,,0,0,0,0,0,0,0,1,1,50.00%,BrowAn05
871,Matthew Butler,LVR,23,DT,6,0,0,0,0,,0,,,0,,,0,0,0,0,0,0.5,1,5,0,0.00%,ButlMa02
872,Taco Charlton,CHI,28,DL,5,0,0,2,2,100.00%,13,6.5,6.5,0,93.7,-0.5,-1,14,0,0,0,0,0,3,1,25.00%,CharTa00
873,Anthony Chesley,TAM,26,CB,7,0,0,1,1,100.00%,15,15,15,0,118.7,14,14,1,0,0,0,0,0,2,0,0.00%,ChesAn00
874,Carlos Davis,PIT,26,DT,1,0,0,0,0,,0,,,0,,,0,0,0,0,0,1,1,1,0,0.00%,DaviCa03
875,Dion Dawkins*,BUF,28,T,15,15,0,0,0,,0,,,0,,,0,0,0,0,1,0,1,1,0,0.00%,DawkDi00
876,Trey Flowers,MIA,29,LB,4,0,0,0,0,,0,,,0,,,0,0,0,0,1,0,1,4,0,0.00%,FlowTr00
877,Jacobi Francis,HOU,24,DB,5,0,0,0,0,,0,,,0,,,0,0,1,0,0,0,0,1,0,0.00%,FranJa03
878,Jamie Gillan,NYG,25,P,17,0,0,0,0,,0,,,0,,,0,0,2,1,0,0,1,1,0,0.00%,GillJa00
879,Darrell Henderson,LAR,25,RB,10,7,0,1,0,0.00%,0,,0,0,39.6,-1,0,0,0,0,0,0,0,1,0,0.00%,HendDa00
880,Malik Herring,KAN,25,DE,7,0,0,1,1,100.00%,4,4,4,0,83.3,2,2,2,0,0,0,0,0,6,1,14.30%,HerrMa02
881,Christopher Hinton,LAC,22,DT,4,0,0,0,0,,0,,,0,,,0,0,0,0,1,0,1,3,0,0.00%,HintCh01
882,Chris Jackson,TEN,24,DB,1,0,0,4,2,50.00%,20,10,5,1,104.2,11.8,15,5,0,0,0,0,0,1,1,50.00%,JackCh01
883,Christian Jones,SEA,31,LB,3,0,0,0,0,,0,,,0,,,0,0,2,0,0,0,0,2,0,0.00%,JoneCh05
884,Ted Karras,CIN,29,C,16,16,0,0,0,,0,,,0,,,0,0,1,0,0,0,0,1,0,0.00%,KarrTe00
885,Chase Lucas,DET,25,CB,6,0,0,1,1,100.00%,6,6,6,0,91.7,3,3,3,0,0,0,0,0,3,0,0.00%,LucaCh01
886,J.D. McKissic,WAS,29,RB,8,0,0,2,1,50.00%,13,13,6.5,0,70.8,3.5,7,6,0,0,0,0,0,1,0,0.00%,McKiJ.00
887,Arron Mosby,CAR,23,LB,3,0,0,1,1,100.00%,7,7,7,0,95.8,5,5,2,0,0,0,0,0,1,0,0.00%,MosbAr00
888,David Ojabo,BAL,22,OLB,2,0,0,0,0,,0,,,0,,,0,0,0,0,0,1,1,1,0,0.00%,OjabDa00
889,Darius Phillips,DEN,27,CB,9,0,0,1,1,100.00%,5,5,5,0,87.5,-7,-7,12,0,0,0,0,0,2,0,0.00%,PhilDa02
890,Kevin Pierre-Louis,HOU,31,LB,2,0,0,3,0,0.00%,0,,0,0,39.6,10,0,0,2,1,0,0,1,4,1,20.00%,PierKe00
891,Elerson Smith,NYG,24,OLB,5,0,0,0,0,,0,,,0,,,0,0,1,0,0,0,0,3,0,0.00%,SmitEl00
892,Channing Tindall,MIA,22,LB,16,0,0,1,1,100.00%,9,9,9,0,104.2,6,6,3,0,0,0,0,0,3,0,0.00%,TindCh00
893,Kemoko Turay,SFO,27,DL,3,0,0,0,0,,0,,,0,,,0,0,2,0,0,0,0,1,0,0.00%,TuraKe00
894,Nolan Turner,TAM,25,S,5,0,0,1,1,100.00%,-5,-5,-5,0,79.2,-5,-5,0,0,0,0,0,0,1,0,0.00%,TurnNo00
895,Brandon Williams,KAN,33,DT,5,0,0,0,0,,0,,,0,,,0,0,0,0,1,0.5,2,2,0,0.00%,WillBr02
896,Chris Williams,IND,24,DT,5,0,0,0,0,,0,,,0,,,0,0,0,0,1,0,1,2,0,0.00%,WillCh08
897,James Winchester,KAN,33,LS,17,0,0,0,0,,0,,,0,,,0,0,1,0,0,0,0,1,0,0.00%,WincJa00
898,David Bakhtiari,GNB,31,T,11,11,0,0,0,,0,,,0,,,0,0,0,0,0,0,0,0,1,100.00%,BakhDa00
899,Joshuah Bledsoe,NWE,24,S,3,0,0,4,2,50.00%,17,8.5,4.3,2,101,19.3,17,0,2,0,0,0,0,1,0,0.00%,BledJo00
900,Tashawn Bower,LVR,27,DE,6,0,0,1,1,100.00%,13,13,13,0,118.7,-6,-6,19,3,0,0,0,0,1,0,0.00%,BoweTa00
901,Harrison Bryant,CLE,24,TE,17,9,0,0,0,,0,,,0,,,0,0,1,0,0,0,0,0,0,,BryaHa00
902,Artie Burns,SEA,27,CB,3,0,0,1,0,0.00%,0,,0,0,39.6,19,0,0,0,0,0,0,0,0,0,,BurnAr00
903,Britain Covey,PHI,25,WR,17,0,0,0,0,,0,,,0,,,0,0,1,0,0,0,0,0,0,,CoveBr00
904,Scott Daly,DET,28,LS,17,0,0,0,0,,0,,,0,,,0,0,0,0,0,0,0,0,1,100.00%,DalySc01
905,Jalen Davis,CIN,26,CB,13,0,0,2,1,50.00%,9,9,4.5,0,62.5,0.5,1,8,0,0,0,0,0,2,0,0.00%,DaviJa06
906,Dan Feeney,NYJ,28,OL,17,2,0,0,0,,0,,,0,,,0,0,0,0,0,0,0,0,1,100.00%,FeenDa00
907,Jonathan Garvin,GNB,23,LB,14,0,0,0,0,,0,,,0,,,0,0,21,1,2,0,3,8,0,0.00%,GarvJo00
908,Javelin Guidry,LVR,24,CB,4,0,0,3,3,100.00%,14,4.7,4.7,2,125.7,4.3,13,1,0,0,0,0,0,0,1,100.00%,GuidJa01
909,Jeff Gunter,CIN,23,DE,10,0,0,1,1,100.00%,21,21,21,0,118.7,0,0,21,0,0,0,0,0,1,1,50.00%,GuntJe01
910,Bryce Hall,NYJ,25,CB,5,0,0,2,1,50.00%,25,25,12.5,1,135.4,17.5,25,0,0,0,0,0,0,0,0,,HallBr02
911,Ladarius Hamilton,GNB,24,LB,3,0,0,0,0,,0,,,0,,,0,0,1,1,0,0,1,1,0,0.00%,HamiLa01
912,Daniel Hardy,LAR,24,OLB,6,0,0,0,0,,0,,,0,,,0,0,2,0,0,0,0,4,0,0.00%,HardDa01
913,Demone Harris,HOU,27,DL,3,0,0,0,0,,0,,,0,,,0,0,0,1,0,0,1,4,1,20.00%,HarrDe06
914,Kendall Hinton,DEN,25,WR,12,5,0,0,0,,0,,,0,,,0,0,1,0,0,0,0,0,0,,HintKe00
915,Creed Humphrey*,KAN,23,C,17,17,0,1,0,0.00%,0,,0,0,39.6,-4,0,0,4,0,0,0,0,0,0,,HumpCr00
916,Caleb Huntley,ATL,24,RB,12,0,0,0,0,,0,,,0,,,0,0,0,0,0,0,0,0,1,100.00%,HuntCa02
917,Josh Jobe,PHI,24,CB,11,0,0,1,1,100.00%,12,12,12,0,116.7,3,3,9,0,0,0,0,0,1,1,50.00%,JobeJo00
918,Cameron Johnston,HOU,30,P,17,0,0,1,0,0.00%,0,,0,0,39.6,9,0,0,0,0,0,0,0,0,0,,JohnCa02
919,Khalid Kareem,IND,24,DE,4,0,0,0,0,,0,,,0,,,0,0,0,0,3,0,3,1,0,0.00%,KareKh00
920,Joshua Kelley,LAC,25,RB,13,1,0,1,0,0.00%,0,,0,0,39.6,25,0,0,0,0,0,0,0,0,0,,KellJo01
921,Jeremiah Kolone,LAR,28,G,5,2,0,0,0,,0,,,0,,,0,0,1,0,0,0,0,0,0,,KoloJe00
922,Nathan Landman,ATL,24,LB,7,0,0,0,0,,0,,,0,,,0,0,0,0,1,0,1,1,0,0.00%,LandNa01
923,Jeremiah Ledbetter,JAX,28,DL,1,0,0,0,0,,0,,,0,,,0,0,0,0,1,0,1,0,0,,LedbJe00
924,Quenton Nelson*,IND,26,OL,17,17,0,0,0,,0,,,0,,,0,0,1,0,0,0,0,1,0,0.00%,NelsQu00
925,David Njoku,CLE,26,TE,14,14,0,0,0,,0,,,0,,,0,0,1,0,0,0,0,0,0,,NjokDa00
926,Taybor Pepper,SFO,28,LS,17,0,0,0,0,,0,,,0,,,0,0,0,0,0,0,0,0,1,100.00%,PeppTa00
927,Nickell Robey-Coleman,LVR,30,CB,2,0,0,1,0,0.00%,0,,0,0,39.6,0,0,0,3,0,0,0,0,0,0,,RobeNi00
928,Cairo Santos,CHI,31,K,16,0,0,1,0,0.00%,0,,0,0,39.6,13,0,0,0,0,0,0,0,0,0,,SantCa01
929,Penei Sewell*,DET,22,T,17,17,0,0,0,,0,,,0,,,0,0,0,0,0,0,0,0,1,100.00%,SewePe00
930,Isaiah Spiller,LAC,21,RB,6,0,0,2,0,0.00%,0,,0,0,39.6,9.5,0,0,0,0,0,0,0,0,0,,SpilIs00
931,Ben Stille,2TM,25,,7,1,0,0,0,,0,,,0,,,0,0,0,1,1,0,2,5,0,0.00%,StilBe00
932,Adam Trautman,NOR,25,TE,15,12,0,0,0,,0,,,0,,,0,0,1,0,0,0,0,0,0,,TrauAd00
933,Billy Turner,DEN,31,OL,8,7,0,0,0,,0,,,0,,,0,0,1,0,0,0,0,0,0,,TurnBi00
934,Ke'Shawn Vaughn,TAM,25,RB,15,0,0,0,0,,0,,,0,,,0,0,0,0,0,0,0,1,1,50.00%,VaugKe00
935,Cedrick Wilson Jr.,MIA,27,WR,15,0,0,1,0,0.00%,0,,0,0,39.6,42,0,0,0,0,0,0,0,0,0,,WilsCe01
936,Daniel Wise,WAS,26,DT,11,1,0,0,0,,0,,,0,,,0,0,0,0,2,0,2,1,0,0.00%,WiseDa01
